ID;Puntuacion;Porcentaje;Direccion;Guion;Argumento;Genero;Duracion;Titulo
tt0177220;6.4;64.0;Elisabeth Subrin;['Elisabeth Subrin'];A shot-by-shot reenactment of an unreleased 1967 documentary portrait of SAIC student Shulamith Firestone, who, a few years later, would become a central figure in the rise of radical feminism.;['Biografía', 'Drama'];37.0;Shulie
tt0297400;7.0;70.0;;;El ingenio empresarial, la paranoia y el derramamiento de sangre detrás del tráfico de cocaína, en la historia real del contrabandista Zachary Swan, que a principios de los 70 organizó redes para burlar a policía y funcionarios de aduanas.;['Crimen', 'Drama'];;Snowblind
tt0337926;5.9;59.0;Guilherme Fontes;['João Emanuel Carneiro', 'Guilherme Fontes', 'Matthew Robbins'];La historia de Assis Chateaubriand, el primer magnate de la comunicación de Brasil. Debido a su influencia desde finales de la década de 1930 hasta principios de la de 1960, se le ha llamado El ciudadano brasileño Kane.;['Biografía', 'Drama'];102.0;Chatô: O Rei do Brasil
tt0346045;6.7;67.0;Luis Aller;['Luis Aller', 'María José Garcia', 'María José García'];Passers-by is a constructivist, multiple, fragmented and cosmic film... a cinematographic Big Bang resulting from a thorough conception and edition work by Director Luis Aller. Passers-by exposes us to ephemeralness inside hundreds of human beings' lives in their particular evolutions, and allows us to watch them as though we open a wide window over the city of Barcel... Leer todo;['Comedia', 'Drama'];94.0;Transeúntes
tt0420293;6.8;68.0;Kyle Patrick Alvarez;['Tim Talbott', 'Philip Zimbardo'];En 1971, veinticuatro estudiantes masculinos son seleccionados para asumir papeles de prisioneros y guardias asignados al azar en una prisión de prueba situada en el sótano del edificio de psicología de Stanford.;['Biografía', 'Drama', 'Historia'];122.0;Experimento en la prisión de Stanford
tt0462335;5.5;55.0;Ben Wheatley;['Amy Jump', 'J.G. Ballard'];Las vidas de los vecinos de un edificio se salen de control.;['Drama', 'Ciencia ficción'];119.0;High-Rise
tt0787524;7.2;72.0;Matt Brown;['Robert Kanigel', 'Matt Brown'];La historia y vida del genio matemático indio Srinivasa Ramanujan y su amistad con su mentor, el profesor G.H. Hardy.;['Biografía', 'Drama'];108.0;El hombre que conocía el infinito
tt0790770;6.4;64.0;Don Cheadle;['Steven Baigelman', 'Don Cheadle', 'Stephen J. Rivele'];Una exploración de la vida y obra del músico Miles Davis.;['Biografía', 'Drama', 'Música'];100.0;Miles Ahead
tt0810819;7.1;71.0;Tom Hooper;['Lucinda Coxon', 'David Ebershoff'];Historia de amor ficticia inspirada en las vidas de los artistas daneses Lili Elbe y Gerda Wegener. El matrimonio y el trabajo de Lili y Gerda evolucionan a medida que transcurre la pionera experiencia de Lili como transgénero.;['Biografía', 'Crimen', 'Drama'];119.0;La chica danesa
tt0977643;5.6;56.0;Sukhwant Dhadda;['Sukhwant Dhadda', 'Harinder', 'Vivek Kumar'];El huérfano Simran se casa con Aman, un oficial del ejército. Tras la muerte de Aman, Simran promete cuidar a su familia. Las esposas de los suegros crean divisiones. Simran lucha por reunir a la familia y cumplir su promesa.;['Drama', 'Musical', 'Romance'];;Chooriyan
tt10003786;;;Armando Milano;['Armando Milano'];A young journalist on his first assignment falls in love with his subject, an up and coming nightclub singer.;['Drama'];9.0;Rosie & Me
tt10005560;;;Ryan Chapel;['Anthony Bello', 'Michael Robert', 'Jess Stainbrook'];A mysterious messenger delivers blank invitations to unsuspecting people that have more in common than we think.;['Drama'];;The Invite
tt10009920;;;Daniel Molnár;['Anita Pataki'];A girl realizes, she's in The Sims.;['Drama', 'Ciencia ficción'];11.0;Zöld fény
tt10008620;;;Gerard Dalmau;['Gerard Dalmau'];;['Drama'];;Memòries
tt10007824;;;Razul Alam;['Ramesh Juglan', 'Bharat Kapoor', 'Neha Kapoor'];;['Drama'];;Dangebaaz
tt0315642;7.1;71.0;Bejoy Nambiar;['Vidhu Vinod Chopra', 'Abhijat Joshi', 'Bejoy Nambiar'];A grief-stricken cop and an amputee grandmaster are brought together by a peculiar twist of fate as part of a wider conspiracy that has darkened their lives.;['Acción', 'Crimen', 'Drama'];103.0;Wazir
tt0376479;6.1;61.0;Ewan McGregor;['Philip Roth', 'John Romano'];Un matrimonio estadounidense aparentemente perfecto ve su vida desmoronarse cuando su hija decide formar parte de los disturbios en los 60.;['Crimen', 'Drama', 'Misterio'];108.0;American pastoral (Pastoral americana)
tt0443533;6.3;63.0;Radu Mihaileanu;['Radu Mihaileanu', 'Marcia Romano', 'Nicole Krauss'];The story of a long-lost book that mysteriously reappears and connects an old man searching for his son with a girl seeking a cure for her mother's loneliness.;['Drama', 'Romance', 'Bélico'];134.0;La historia del amor
tt0470936;4.2;42.0;David Safarian;['David Safarian', 'Yana Drouz'];A tale of a man and a woman suffering near-absurd circumstances. Their narratives, recollections, imagination, dreams.;['Drama'];104.0;Tak erkir, tsurt dzmer
tt0475290;6.3;63.0;Ethan Coen;['Joel Coen', 'Ethan Coen'];Un mediador del Hollywood de los años 50 trata de mantener a raya a las estrellas del estudio.;['Comedia', 'Drama', 'Misterio'];106.0;¡Ave, César!
tt0490215;7.2;72.0;Martin Scorsese;['Jay Cocks', 'Martin Scorsese', 'Shûsaku Endô'];En el siglo XVII, dos jesuitas portugueses viajan a Japón en busca de su mentor, del que se rumorea es un apóstata, y para propagar el Catolicismo.;['Drama', 'Historia'];161.0;Silencio
tt0493076;5.4;54.0;Cynthia Mort;['Cynthia Mort'];La historia de Nina Simone, su ascenso a la fama y la relación con su manager Clifton Henderson.;['Biografía', 'Drama', 'Música'];90.0;Nina Simone
tt0838194;7.9;79.0;Scott Slone;['Scott Slone'];Inspired by war films from the 1950's, Retreat! tells the story of nine U.S. Soldiers who were forced to retreat into unknown territories deep in the heart of Korea.;['Comedia', 'Drama', 'Bélico'];;Retreat!
tt0918520;7.1;71.0;Ash Mahmood;['Naeem Mahmood'];An uncompromising portrait of the struggles of a resplendent teenager with an anarchic spirit, fighting to maintain her existence in the bleak urban landscape of London. Angel is a cool but troubled nymphet, disillusioned by the tedium and meaninglessness of her uninviting working class future, her eyes filled with ferocious pique. Neglected by her abusive uncle and a... Leer todo;['Drama', 'Suspense'];;Gangster Kittens
tt0918940;6.2;62.0;David Yates;['Adam Cozad', 'Craig Brewer', 'Edgar Rice Burroughs'];Tarzán, tras acostumbrarse a vivir en Londres, regresa a su hogar en la jungla para investigar las actividades mineras en la zona.;['Acción', 'Aventura', 'Drama'];110.0;La leyenda de Tarzán
tt0932667;5.1;51.0;Phil Donlon;['Phil Donlon', 'Christopher E. Ellis'];Un hombre de negocios afroamericano exitoso se despierta para encontrarse en un silo de grano en ruinas, debe volver a conectar los puntos de su memoria traumatizada para descubrir la verdad de cómo terminó allí.;['Drama'];55.0;The Man in the Silo
tt0995868;7.1;71.0;Jeff Zimbalist;['Jeff Zimbalist', 'Michael Zimbalist'];El meteórico ascenso de Pelé desde los suburbios de Sao Paulo hasta llevar a Brasil a su primera victoria en la Copa del Mundo a la edad de 17 años.;['Biografía', 'Drama', 'Deporte'];107.0;Pelé, el nacimiento de una leyenda
tt10005130;6.8;68.0;Remedios Malvárez;['Arturo Andújar', 'Remedios Malvárez'];Una humilde escuela de música intenta traer esperanza y nuevas oportunidades a sus alumnos, y mantiene unidos a los habitantes de las 3000 viviendas, a través del lenguaje común que es el flamenco.;['Documental', 'Drama'];;Alalá
tt10006056;6.2;62.0;Gianfrancesco Lazotti;['Gianfrancesco Lazotti'];A spacious ballroom, a place outside of time, and the interlacing stories of its customers on a Saturday night.;['Drama'];90.0;La notte è piccola per noi
tt10007790;;;Karan Kashyap;['Pratyusha Banerjee', 'Kamya Punjabi'];;['Drama'];;Hum Kuchh Keh Na Sake
tt10011146;8.0;80.0;Sylvain Jouannet;['Tiphaine Sintes'];On a spring morning, a young girl's body is found at Conleau Beach in Vannes. The police easily identify the victim as Lauren Coulon, a popular high school student who was declared MIA a few days ago. Alongside the police investigation, her family and friends decide to investigate on their own. What nobody knows at the moment is that the Lauren Coulon case will permit... Leer todo;['Crimen', 'Drama'];75.0;Le sang de la haine
tt10011852;7.0;70.0;K. MoorthyKannan;['K. MoorthyKannan'];;['Drama'];125.0;Saalaiyoram
tt10016544;;;Meosha Bean;['Meosha Bean'];;['Drama'];;Miss Pepper 2016
tt10023318;;;Sasha Yevtushenko;['Stephen Wakelam'];It's an audio play boadcast on radio.;['Drama'];45.0;Waiting for the Boatman
tt10023330;;;Boz Temple-Morris;['Steve Waters'];The story behind the unmasking of Mark Kennedy, the undercover police officer who infiltrated environmental campaigning organizations over a period of seven years.;['Drama'];45.0;Deep Swimmer
tt1002563;5.7;57.0;Cyrus Nowrasteh;['Betsy Giffen Nowrasteh', 'Cyrus Nowrasteh', 'Anne Rice'];Tells the story of Jesus Christ at age seven as he and his family depart Egypt to return home to Nazareth. Told from his childhood perspective, it follows young Jesus as he grows into his religious identity.;['Drama', 'Fantasía'];111.0;El joven mesías
tt10027322;;;Charlotte Slocum;['Charlotte Slocum'];;['Drama'];;Trade Off
tt10029286;;;Rec Revan;['Mehdi Aliyev', 'Namiq Aslanov'];;['Drama', 'Fantasía'];4.0;Unfriended
tt10033854;;;Patrick Willems;['Matt Torpey', 'Patrick Willems'];Chad views his account balance, sadly, for his last time.;['Drama'];2.0;The Account Balance
tt10037178;;;Yotam Knispel;['Yotam Knispel'];While the wheels of her bag are spinning on the ancient pavement of the small Sicilian town she once lived in, Violetta is in search for a specific man. When she'll find him, things won't go as she expected. But that wouldn't stop her from getting what she wants at any cost.;['Drama'];7.0;Bambina
tt10037892;;;Joshua Gill;['Joshua Gill'];;['Drama'];;No Phones In Class
tt10049176;;;Jun Liu;['Jun Liu'];Tuola, the child of nomad adopted an unattended colt. The colt grew up under the care of Tuola. Two years later, the colt became a tall black horse and became the winner of the race meeting. The black horse became a close friend to Tuola. An accident happened, Tuola lost the black horse. He and his peers searched the whole valley during the holidays. Disasters pile up... Leer todo;['Drama', 'Familiar'];81.0;Wuzhumuqin de hai zi
tt0087963;6.6;66.0;Dean Shek;['Helen Chan', 'Olivia Cheng', 'Samuel Hui'];To get their parents back together, two clever siblings team up with their grandpa in a series of mischievous antics.;['Comedia', 'Drama'];97.0;Quan jia fu
tt0100275;6.5;65.0;Raúl Ruiz;['Pía Rey', 'Raúl Ruiz'];The film revolves around the concept of soap opera. Its structure is based on the assumption that Chilean reality does not exist, but rather is an ensemble of soap operas.;['Comedia', 'Drama', 'Fantasía'];80.0;La Telenovela Errante
tt0137204;8.5;85.0;Anthony Harrison;['Anthony Harrison'];Simple-minded Joseph Briteman breaks a golden rule of his 'life skills' program when he walks away unsupervised to rescue his long lost baby sister.;['Animación', 'Aventura', 'Comedia'];83.0;Joe Finds Grace
tt0269768;;;Martha Davis;['Martha Davis'];Reading the replies to a personal ad she has placed, a woman imagines herself in relationships with three different men. The first man is young, domestic and likable, the second rich exciting and arrogant and the third older, exuberant and vulnerable. (The late clown and mime artist Richard Pochinko plays the third man in his only film role.) The classic dating scenar... Leer todo;['Documental', 'Drama'];36.0;Reading Between the Lines
tt0460890;6.4;64.0;Marc Webb;['Allan Loeb'];En Nueva York, la vida de un recién licenciado sufre un giro inesperado al conocer a la novia de su padre.;['Drama'];89.0;Canción de Nueva York
tt0491203;6.2;62.0;Justin Chadwick;['Deborah Moggach', 'Tom Stoppard'];Un artista se enamora de una joven mujer casada mientras se le encarga pintar su retrato durante la manía tulipán del siglo XVII en Ámsterdam.;['Drama', 'Historia', 'Romance'];105.0;Tulip Fever
tt0491175;5.8;58.0;George Clooney;['Joel Coen', 'Ethan Coen', 'George Clooney'];Mientras una comunidad suburbana de los años 50 se autodestruye, un allanamiento de morada tiene siniestras consecuencias para una familia aparentemente normal.;['Comedia', 'Crimen', 'Drama'];105.0;Suburbicon
tt0498381;4.5;45.0;F. Javier Gutiérrez;['David Loucka', 'Jacob Estes', 'Akiva Goldsman'];Una joven se encuentra en el extremo receptor de una terrible maldición que amenaza con acabar con su vida en 7 días.;['Drama', 'Terror', 'Misterio'];102.0;Rings
tt0825334;8.4;84.0;Gladys Florence;['Gladys Florence'];Caravaggio's tortured life, his murder and the journey of his soul.;['Comedia', 'Drama'];90.0;Caravaggio and My Mother the Pope
tt0835802;5.5;55.0;William H. Macy;['William Porter'];A young man living a sheltered life develops a crush on an ex-stripper and joins her Alcoholics Anonymous group just so he can be in the same room with her.;['Comedia', 'Drama'];90.0;Krystal
tt0874268;7.5;75.0;Bruno Coppola;['John Goodman'];"A highly decorated officer is betrayed by his own government after years of dedicated service to his country. A hero in the ""war on terror"" becomes imprisoned by the very policies put in place to combat the terrorists.";['Drama', 'Suspense'];;The Dot Man
tt10004180;;;Steve Olander;['Rocky Karlage'];"First film for the beginning of ""The Ghost Walk Saga"" series of films - ""The Harvest Ball"" foreshadows the Dawson family film series ""The Ghost Walk Saga"". Nominated for ""Best Animation"" at the 2017 Finow Film Festival, Germany.";['Drama'];4.0;Ghost Walk: The Harvest Ball
tt10009896;;;Enoc Daniel Rodriguez;['Enoc Daniel Rodriguez'];Mini drama about 2 guys that feel love one for each other, but their parents don't accept that relationship, So they decide to escape together and thus be happy for an eternity.;['Drama', 'Romance'];;The Pursuit of Love
tt10012542;6.5;65.0;Payal Kapadia;['Payal Kapadia'];Kaki is a 70 year old widow who lives with her Nepali domestic help, Malti in Mumbai. The film takes place on one afternoon in their house where a flower blossoms in the balcony. Malti meets a boy, a sailor from her hometown unexpectedly. In the meanwhile, men in the passage spray mosquito repellant that gives Kaki bad dreams.;['Drama'];13.0;Afternoon Clouds
tt10009428;;;EJ Levy;['EJ Levy', 'Aidan Warren'];While dealing with the death of his closest friend Cameron, Aidan, one of Cameron's oldest friends and room mate, suddenly starts to develop PTSD as he starts to recall the events that lead to Cameron's death.;['Drama'];8.0;Value
tt10013288;;;Edwine Dorival;['Edwine Dorival', 'Mackenson Dorival'];Jack, a music producer, is forced to leave his apartment following the sudden death of his son for which he is responsible.;['Comedia', 'Drama', 'Romance'];62.0;The Promise
tt10016970;;;Jacob Ramsay;['Dimitar Dimoski', 'Jacob Ramsay'];When a 9-year-old boy learns that his father has a mistress, he must decide whether or not to tell his mother.;['Drama'];13.0;Looking Away
tt10016496;;;Nora Särak;['Nora Särak'];;['Comedia', 'Drama'];4.0;First Kiss
tt10017460;4.6;46.0;Mahesh Kathi;['Mahesh Kathi'];Egise Tarajuvvalu revolves around the class of 30 underprivileged school kids and how their life changes when Manasa (Sowmya Venugopal) joins as their new Science teacher.;['Drama'];95.0;Egise Taara Juvvalu
tt0069049;6.7;67.0;Orson Welles;['Orson Welles', 'Oja Kodar'];Un director de Hollywood regresa tras un tiempo en las sombras para completar su trabajo en una innovadora película.;['Drama'];122.0;Al otro lado del viento
tt0192528;3.1;31.0;Stuart Paul;['Stuart Paul'];In 1990s Los Angeles, danger lurks around the corner after a freak accident leaves an undercover cop with supernatural abilities while also unleashing a horror that he must destroy before it destroys everything.;['Drama'];104.0;Reverse Heaven
tt0276568;6.6;66.0;Pat Jackson;['Richard Bradford', 'Ron Randell', 'Anton Rodgers'];A lone shark bounty hunter pits himself against secret agents from three countries. The prize: a million bucks in cash for vital state secrets. A little talky in spots, but overall not bad. Color. 16mm.;['Acción', 'Drama'];97.0;A la caza del millón
tt0328810;7.8;78.0;Mrinal Sen;['Afsar Ahmed', 'Mrinal Sen', 'H. Banerjee'];A triangle love story between viz Meher (Kaushik Sen), Noor (Saswato Chaterjee) and Sakina (Nandita Das).;['Drama', 'Familiar'];102.0;Aamaar Bhuvan
tt0360556;5.0;50.0;Ramin Bahrani;['Ray Bradbury', 'Ramin Bahrani', 'Amir Naderi'];En un aterrador futuro higienizado, el joven Guy Montag, cuyo trabajo como bombero es quemar libros, cuestiona sus acciones después de conocer a una joven, y se empieza a rebelar contra la sociedad.;['Drama', 'Ciencia ficción', 'Suspense'];100.0;Fahrenheit 451
tt0365545;6.4;64.0;Haifaa Al-Mansour;['Adam Brooks', 'Gina Prince-Bythewood', 'Trisha R. Thomas'];Violet Jones, cansada de esperar a que su novio de mucho tiempo le proponga matrimonio, rompe con él. Pero antiguos sentimientos, y sin duda un montón de celos, surgen cuando pronto comienza a salir con otra mujer.;['Comedia', 'Drama', 'Romance'];98.0;Desmelenada
tt0427543;6.2;62.0;Sam Taylor-Johnson;['Aaron Taylor-Johnson', 'Sam Taylor-Johnson', 'James Frey'];Un joven escritor adicto a las drogas se somete a dos meses de agonizante desintoxicación en Minnesota.;['Drama'];113.0;En mil pedazos
tt0972544;6.3;63.0;Alex Pettyfer;"[""Tawni O'Dell"", 'Adrian Lyne']";En 1993, el padre de Harley es asesinado a tiros y su madre va a prisión. Tiene que ganar dinero y cuidar a sus 3 hermanas menores. A lo largo de 2 años, los secretos familiares se revelan lentamente. ¿Será suficiente un buen terapeuta?;['Crimen', 'Drama', 'Suspense'];101.0;Back Roads
tt10004294;;;James Barth Kabuya;['James Barth Kabuya'];;['Drama'];;Menace Commune
tt10004232;;;Pacifique Aganze Tabaro;['Pacifique Aganze Tabaro'];;['Drama'];;Kadogo
tt10004384;;;Paul K.V;['Paul K.V'];;['Drama'];;Neon Passion
tt10005518;;;S.A. Brown;['Kyon Edwards'];Rodney goes to a party and end up getting kidnapped by Queen the drug lord. Queen decided to hold Rodney for ransom. And if Queen doesn't get her money from his brother she is going to kill Rodney.;['Crimen', 'Drama'];;Brotherly Love
tt10006406;;;Hugues Espinasse;['Hugues Espinasse', 'Nicolas Robin'];;['Drama'];10.0;A Bloc
tt10002400;;;Bryan G. Uricoechea;['Bryan G. Uricoechea'];Laurence Denny wakes up to find himself captive of man who thought Laurence was his brother.;['Drama', 'Suspense'];12.0;Form 1
tt10004396;4.9;49.0;Arash Zaree;['Mehrdad Jafarian', 'Arash Zaree'];A simple kind woman leads a hard, unsatisfactory life with her husband. She unintentionally caused her husband's death. But she begins a new life with his dead body.;['Drama', 'Suspense'];102.0;When I Became a Butterfly
tt10006220;;;Laura Dorn;['Georg Büchner', 'Jonathan Parr'];;['Drama'];30.0;Fragments
tt10010676;;;Peter Colbert;['Peter Colbert'];The story of legendary delta blues guitarist Robert Johnson's alleged deal with the Devil, but not the Devil you know.;['Drama'];18.0;At the Crossroads Down Yonder
tt10010502;;;Julian Reich;['Ainaz Azarhoush', 'Juan Hasan'];If creativity was a person living inside of you, would it change the way you treat yourself?;['Drama'];10.0;Selflove
tt10007932;;;Ramona Taylor;['Ramona Taylor'];;['Drama'];;Half the Battle
tt10010378;;;Anil Kumar Reddy Vootkuri;;;['Drama'];;C/o Krishnanagar
tt10010330;6.9;69.0;Harun Baysan;['Harun Baysan', 'Çetin Kurt'];Akif, who has to look after his diseased father, is a draft dodger. He has no one to entrust his father to. There is only one way to avoid compulsory military service. He gets close to Ugur who is exempt from military service.;['Drama'];30.0;Akif
tt10010814;7.1;71.0;Dinesh S. Yadav;['Ruhin', 'Suryapal Singh', 'Dinesh S. Yadav'];The film is a metaphorical depiction of the turtle where in a drought struck village of Rajasthan, Sanjay Mishra (as Ramkaran Choudhary), is churning the parched, sun baked earth, to extract water and the common folk indulged in a tug of war, rotating on his shell, desperate to quench their thirst.;['Drama'];75.0;Turtle
tt10010994;;;Oscar Barba-Vargas;['Oscar Barba-Vargas'];A couple of young roommates living a blue-collar lifestyle try to figure out adulthood in modern-day society.;['Drama'];11.0;Past Due
tt10011656;;;Pierre De Gourcy;['Mathilde Chanthapanya', 'Pierre De Gourcy'];"Adam and his mother usually spend Valentine's Day together. This year, he wants to invite her to a drag show where he will play ""Dalida"", their idol. Will she finally accept his identity?";['Drama'];9.0;Flamboyante
tt10010772;8.6;86.0;Daniel Roy;['Daniel Roy', 'Vanessa Yuille'];Tom returns home after many combat tours only to find himself fighting another war from within.;['Drama'];5.0;22
tt10009344;;;Adam Jumba;['Adam Jumba', 'Xavier Taylor'];;['Drama'];;Asphalt Saints
tt10013176;6.2;62.0;Faranak Moradi;['Faranak Moradi'];Lili is a waitress and obsessed with sound. she can't stand her loneliness more than before.;['Drama'];8.0;M Like Mobius
tt10014878;5.7;57.0;Matthew Castellanos;['Arlene Armenta', 'Ricardo Ayala', 'Odaliz Cabrera'];A loving father faces different obstacles in a desperate attempt to attend his daughter's championship volleyball game.;['Drama'];7.0;Endgame
tt10015376;;;Reid Suttles;['Anton Chekhov'];;['Drama'];;The Cherry Orchard
tt10014612;;;Solveig Herzum;['Solveig Herzum'];;['Drama'];11.0;The Greener the Grass
tt10014890;8.2;82.0;Mariana Arriaga;['Guillermo Arriaga', 'Santiago Arriaga'];"Two young men are found in a small town in northern Mexico. The only thing left in the crime scene is an AR-15. We follow the gun to see where it came from; the United States.";['Drama'];15.0;B-167-980-098
tt10014710;;;Natalia Montecinos;['Natalia Montecinos'];An unhealthy relationship that never ends.;['Drama'];;Honey
tt10014042;;;Bebe Pix;['Bebe Pix'];After her family found her talking to neighbor's son Lubani, young Emelia was humiliated by her family and then forced to marry him, but Lubani's family refuses. Thrown out of the house she was found in the bushes by a fellow villager, hungry and with injured ankle. The village chief takes after her, and arranges reconciliation of two families.;['Comedia', 'Drama'];52.0;Forced Marriage
tt10014556;;;Timothy Urso;['Timothy Urso', 'Mackenzie Wilson'];;['Drama'];;Turn the Switch Off
tt10016254;;;Valentina Ponomarenko;;;['Drama'];;Skvoznyye Shagi
tt10016858;;;Virginia Gilbert;['Emmaline Dowling'];A father takes his daughters on an impromptu day out to the seaside with unsettling consequences.;['Drama'];13.0;Day Out
tt10017502;6.2;62.0;Pannu Gande;['Darbha Appaji Ambarisha', 'Prasad Chandekar', 'Mahesh Pawan'];Lost Einstein is about Doomsday. A black hole is approaching our earth in 500yrs which will wipe out the complete solar system. A young kid - Santhosh shows extraordinary Intelligence and Worlds Top physicists and Scientists give him a name - Young Einstein. He grows up developing a theory of harnessing gravity. It is the only hope everyone has for saving earth from c... Leer todo;['Drama', 'Ciencia ficción'];48.0;Lost Einstein
tt10021210;;;Sherry Rashidan;['Daniel Curalli', 'Wynn Siu'];First-time robber Liam breaks into the home of a confused elderly woman, Mrs. Green, who's suffering from dementia. Mrs. Green confuses Liam for her son. In order to save himself, Liam plays along as her son.;['Drama'];;Forget Me Not
tt10021786;;;Julio Ramos;['Patrick Steward', 'Ydalie Turk'];;['Drama'];;Open House
tt0011216;7.0;70.0;Germaine Dulac;['Louis Delluc'];Coveted by two different men, a woman turns to a third man instead.;['Drama'];67.0;La fête espagnole
tt0083060;6.6;66.0;Nuanxing Zhang;['Tuo Li', 'Nuanxing Zhang'];Sha Ou is a volleyball player and works hard against her injuries resulting from training. In spite of her defeat in an international competition and the the death of her boyfriend, she insists on her training.;['Drama', 'Deporte'];84.0;Sha Ou
tt0116991;7.3;73.0;John Bailey;['Ron Hansen'];Set in a turn-of-the-century religious community about a nun who has recently taken her vows.;['Drama'];101.0;Mariette in Ecstasy
tt0339917;5.9;59.0;Junli Zheng;['Xiao Yemu', 'Junli Zheng'];Li Ke and Zhang Ying marry and overcome difficulties working in newly liberated Shanghai in 1947.;['Drama'];;Wo men fu fu zhi jian
tt0385887;6.8;68.0;Edward Norton;['Edward Norton', 'Jonathan Lethem'];En el Nueva York de los años 50, un solitario detective privado afectado por el síndrome de Tourette se aventura a resolver el asesinato de su mentor y único amigo.;['Crimen', 'Drama', 'Misterio'];144.0;Huérfanos de Brooklyn
tt0441881;6.8;68.0;Kriv Stenders;['Stuart Beattie', 'James Nicholas', 'Karel Segers'];En agosto de 1966, en una plantación de caucho vietnamita llamada Long Tan, 108 soldados jóvenes y en su mayoría sin experiencia que vienen de Australia y Nueva Zelanda luchan por sus vidas contra 2500 soldados del Viet Cong.;['Acción', 'Drama', 'Bélico'];118.0;Danger Close: La batalla de Long Tan
tt0783640;6.8;68.0;Todd Robinson;['Todd Robinson'];"34 años tras su muerte, el piloto William H. ""Pits"" Pitsenbarger es galardonado con el mayor honor militar por sus acciones en el campo de batalla.";['Drama', 'Bélico'];116.0;Con todos los honores
tt0800325;7.0;70.0;Jeff Tremaine;['Rich Wilkes', 'Amanda Adelson', 'Tommy Lee'];La historia de cómo Mötley Crüe llegó a ser uno de los grupos de rock'n roll más conocidos de la historia.;['Biografía', 'Comedia', 'Drama'];107.0;The Dirt
tt0810836;5.3;53.0;Gregor Jordan;['Jack Thorne', 'Tim Winton'];The stunning landscape of Western Australia is the backdrop for an impassioned tale of love and grief in Gregor Jordan's adaptation of the acclaimed novel by Tim Winton.;['Crimen', 'Drama', 'Romance'];105.0;Dirt Music
tt0858419;5.5;55.0;Dan Pritzker;['Dan Pritzker', 'David Rothschild'];A mythical account of the life of Buddy Bolden, the first Cornet King of New Orleans.;['Drama'];108.0;Bolden
tt10001116;;;Fabio del Greco;['Fabio del Greco'];;['Drama'];;Mistero di un Impiegato
tt10005030;8.1;81.0;Rob Levinson;['Rob Levinson'];A self centered radio personality, learns the most valuable life lesson on the morning of September 11, 2001 - humility. The ever growing popularity of the Paul Lavigan Morning Show takes on new depths when Paul receives what seems to be his everyday mundane typical call. In the midst of conversation, a thunderous roar changes the course of both caller and Paul.;['Drama'];39.0;Where Were You
tt10003808;;;Leanne Nicole;['Leanne Nicole'];A day in life of a teenager that resides in a dysfunctional home.;['Drama'];;Okay
tt10003792;;;Dinesh Lingden;['Dinesh Lingden'];;['Drama'];;Adalat
tt10004266;;;Lina Jalala;['Giorgio Paoletti'];;['Drama'];14.0;Hanna Wins
tt10006156;;;Dinesh Babu;['Akshay Krishnan', 'Vjay Kumar', 'Ashwaria Ullas'];Akshay, a young and handsome college student and a talented dancer, enjoys a colorful college life. Although very popular among his peers, Akshay, who is smitten by Radhika, feels dejected after she neglects him. To make matters worse, Akshay's life is turned upside down due to one unexpected incident. How he copes with it, forms the crux.;['Drama'];128.0;Krishnam
tt10006012;;;Agostino Devastato;['Agostino Devastato'];Cafèsigaret is an unexpected meeting between Silvio and Giggino in a smoky bar lost among the quarries of the suburbs of Naples. A meeting that happens today after twenty years when a dramatic secret has divided their paths.;['Drama'];14.0;Cafèsigaret
tt10005506;;;George Salcedo;['George Salcedo'];A young man struggles to deal with his father's life sentence in prison. As a result of this, he goes after the men who got his father locked up.;['Crimen', 'Drama'];4.0;Witness to Murder
tt10005850;;;Dan Hewitt Owens;['Dan Hewitt Owens'];;['Drama'];;Good Friends
tt10002568;;;Natalia Montecinos;['Cristian Costa', 'Natalia Montecinos'];MIA, who suddenly stopped talking, needs to find her lost words in order to reveal the truth behind crimes she witnessed.;['Drama', 'Suspense'];;Voiceless
tt10004822;;;Ryan Henry Knight;['Ryan Henry Knight'];A girl haunted by grief is reconnected with her estranged sister as they come to terms with the dark truth behind their distanced relationship.;['Drama', 'Misterio'];16.0;Ludere
tt10003990;;;Valeri Lilov;['Valeri Lilov'];In an old caravan, a lone mentally ill mother tries to fight her own demons while her little daughter, never seen outside world, attempts to communicate and help her out.;['Drama'];;Child of Wisdom
tt10003442;9.3;93.0;K.J. Chaves Santos;['K.J. Chaves Santos'];In the Azores Islands, three young teenagers hoping to reunite their Coven.;['Drama', 'Fantasía'];8.0;The Coven
tt10003908;;;Xavi Casanova;['Xavi Casanova'];A young couple with communication issues starts to finally share intimacy when they are stuck home with no electricity and in darkness.;['Drama'];;Candle Light
tt10006270;4.9;49.0;Tilde Harkamp;['Claudia Boderke', 'Lars Mering'];Single mom Eva goes on a weekend of hotel, sauna, bikini wax and pheasant hunting with her ex's cute, young girlfriend, Bella, and their married friend, Marlene, so she can have an affair there. Nothing goes as planned.;['Comedia', 'Drama'];92.0;Jagtsæson
tt10003866;;;Carol Bellhouse;['Carol Bellhouse'];With her dreams purveying the past and future, a young woman is unsure if her adventure in love is ahead of her or a memory.;['Drama'];;Erewhile
tt10003828;;;Paul Tully;['Paul Tully'];;['Drama'];;Atonement
tt10002654;6.4;64.0;Kannan Thamarakkulam;['Dinesh Pallath'];It is the story of a warrior against food adulteration and challenges he faces because of that.;['Drama'];139.0;Pattabhiraman
tt10003492;;;Jon Perry;['Adam Masnyk', 'Jon Perry'];After communication ceases, Kevin breaks out of prison to find his lifelong girlfriend, but is met with some unfortunate news.;['Drama'];;Facing Life
tt10004074;;;Bijoy Banerjee;['Shabir Sheikh'];Ali wants to be a boxer, only he is blind. In the eyes of the sighted his ambitions are impossible. But Ali is not concerned about their opinions or approval, his dream is all that matters.;['Drama'];;Ali the Blind Boxer
tt10005262;;;C. Nathaniel Brown;['C. Nathaniel Brown', 'Kenya Hendricks'];When love is warming everyone's heart around the office, Ellis seems to be getting the cold shoulder. But the office won't be the same come Friday.;['Drama'];10.0;For Ellis
tt10005520;9.8;98.0;Branden J. Stanley;['Gregory Krajewski', 'Christopher Magruder', 'Julie Nelson'];A supernatural thriller about where heaven and earth meet. A captivating short film about the coming together of heaven and earth, The Veil Removed depicts the depth and power of the Mass as seen by saints and mystics, revealed by scripture and explored in the Catechism of the Catholic Church.;['Drama'];7.0;The Veil Removed
tt10004574;4.7;47.0;Rodney Jackson;['Tavares M. Wilson'];Jacob and Mia Patterson had a seemingly perfect life until one decision has them questioning everything that's happened between them.;['Drama', 'Suspense'];78.0;Paradise
tt10005516;8.6;86.0;Jason Fragale;['Jason Fragale', 'Christopher Fragale'];Raffi, still plagued by grief from his mother's death, has his friendship tested by terminally ill David, who begs for help during his dying days.;['Drama'];17.0;Riviera
tt10006180;;;Young Man Kang;['Heaven Choi', 'Young Man Kang'];;['Drama'];17.0;Destiny
tt10005186;;;Ryan Berry;['Alexandera Yetman'];A woman decides whether to heed the signs the universe is sending her about her desires.;['Drama'];11.0;Along The Line
tt10006764;;;Lauren Kelly;['Lauren Kelly'];Two slaves are put to the test when their owner forces them to fight each other.;['Drama', 'Historia'];11.0;Chadwick Manor
tt10006412;;;Ross Heath;['Ross Heath'];;['Drama'];;Controlling Intentions
tt10005028;;;Maverick Knox;['Maverick Knox'];;['Drama'];6.0;The Chair
tt10005198;;;Nathaniel Shields;['Nathaniel Shields'];A young girl moves to Hollywood against her father's wishes in hopes of becoming a famous actress. Will she finally gain his support?;['Drama'];14.0;FantasyLand
tt10006276;;;Aljoyus Eccles;['Aljoyus Eccles'];Jaran who is the outside son for Mr. Howard is struggling with the fact of not being accepted by his own brothers and sisters. Little do he know the Howards has their own secrets and issues they are trying to cover up. Will Jaran ever get the chance to be accepted by his family before its too late or will their secrets and issues be everyone's demise.;['Drama'];;He's My Daddy Too
tt10006640;;;Pau Domingo;['Àlex Clusellas', 'Jaume Cortada', 'Gabriel Di Pastena'];;['Drama', 'Fantasía'];;El Barber
tt10006238;6.4;64.0;Noémie Merlant;['Noémie Merlant'];While trying to save her family from a return to the street, Shakira, a young gypsy woman, meets Marius, a member of a robber gang.;['Drama'];27.0;Shakira
tt10005864;6.5;65.0;Sudip Chakraborty;['Debal Guha Roy'];"Subham Biswas ""Shataf Figar"" a deft mountain climber goes missing on his dream expedition to climb the Everest. His body couldn't be rescued because of the harsh weather. The absence of Subham creates a void in the life of his wife Mrittika ""Indrani Halder"" and his mother ""Swatilekha Sengupta"". The film revolves round the strained relationship between the two women in... Leer todo";['Drama'];101.0;Barof 2019
tt10005378;5.2;52.0;Michael Anthony Giudicissi;['Michael Anthony Giudicissi'];Billy the Kid, Pat Garrett, and 14 of his friends and enemies are interviewed about The Kid's life, death, and deadly participation in the Lincoln County War.;['Drama', 'Del oeste'];104.0;In Their Own Words, Billy the Kid & The Lincoln County War
tt10006258;;;Eric Ogden;['Eric Ogden'];When her distressed younger sister isolates herself in a secluded motel, Caitlin takes it upon herself to do an intervention. But as day turns to night and her sister's paranoia takes hold, the world she describes to Caitlin begins to seem almost plausible.;['Drama', 'Suspense'];27.0;Motel
tt10005966;;;Anthony Lucido;['Anthony Lucido'];Over the course of a tense weekend, a young man tries to reclaim power over his guardian and stalkers.;['Drama'];15.0;Tender
tt10007968;;;Andrés Cámara;['Emma Aguirre', 'Andrés Cámara'];A basketball player is in the final. He suffers an accident, from that moment he will change his life, he will have to start from scratch. She and her grandmother will have to deal with several experiences, how will it affect their lives? what would you do?;['Crimen', 'Drama'];14.0;Partir de Cero
tt10010080;;;Gerard Corporon;['Gerard Corporon'];;['Drama'];;Cheyenne
tt10010352;;;Hayden Hayes;['Hayden Hayes'];"Set in one room, three friends are packing up their close friends house; they must have it cleared by week's end. One friend hasn't shown up yet; He arrives, late, and the others start asking questions he's reluctant to answer.";['Drama'];13.0;Stay For The Weak
tt10010034;;;Jess Taylor;['Kenzie Long'];A college student struggles with social anxiety at a causal dorm gathering.;['Drama'];2.0;Anxiety
tt10010178;;;Michael Wolfe;['Michael Wolfe'];;['Drama'];;The Theology of Friendship
tt10007876;;;Michael Thomas Griffin;['Michael Thomas Griffin'];A lonely botanist is freed from misery after the blossoming of a mysterious flower.;['Drama'];;Memoria
tt10010626;;;Brendan Prost;['Brendan Prost'];At a moment of mutual desperation, two restless souls in different cities match online and decide to meet up at a point of compromise. When they come face-to-face in the small town of Bellingham, they fail to connect, and are left to wander the coastline-- basking in the luminosity of their shared despair.;['Drama'];12.0;Bellingham
tt10010072;;;Ganesh Davuluri;['Gunjan Kuthiala', 'Manisha Sri'];;['Drama', 'Familiar'];;NRI Story
tt10007268;5.7;57.0;Andrey Valdberg;['Andrey Koreshkov'];;['Drama'];60.0;Mesto!
tt10010368;8.0;80.0;Daniel Gordon;['Stan Grant'];"""The Australian Dream"" is a theatrical feature documentary that uses the remarkable and inspirational story of AFL legend Adam Goodes as the prism through which to tell a deeper, more powerful story about race, identity, and belonging.";['Documental', 'Drama', 'Deporte'];105.0;The Australian Dream
tt10010720;7.0;70.0;Melissa Anastasi;['Melissa Anastasi'];A neglected 11-year-old girl steals from pregnant women at the local swimming pool.;['Drama'];17.0;Chlorine
tt10010698;;;Ana Atanassova;['Ana Atanassova'];In a remote village in Bulgaria a German teenager with a rare bone disease finds hope and courage in the unlikely friendship with a sleepwalking kid. When Stefan is dragged by his father to the mountains to hike and heal, his apathy is challenged by a haunting melody he hears one night.;['Drama'];15.0;Freaky Forest
tt10006822;;;George Salcedo;['George Salcedo', 'Andrew A. Smith'];The story follows Ryan Dean West as he remembers past events in his journey of high school.;['Drama'];4.0;Winger
tt10010448;8.1;81.0;Ellen Marmol;['Dani Fiondella', 'Alex McFry'];Inspired by true events that took place in White Plains, Alabama in 1959, Viola tells the story of Viola Hyatt and the night her life changed forever.;['Drama'];13.0;Viola
tt10011250;;;Amanda Michelle Tenney;['Amanda Michelle Tenney'];To protect her heart, Sophie is determined to cut ties with the womanizing man she has come to fall in love with, as she can no longer take being one of many.;['Drama', 'Romance'];10.0;Delicious Poison
tt10009614;;;Pedro Tamames;['Pedro Tamames'];A girl spends her time eavesdropping on a young couple whose relationship is falling apart.;['Drama'];10.0;Leaves
tt10011320;6.4;64.0;Michael Barnett;['Michael Barnett', 'Amanda C. Griffin', 'Michael Mahaffie'];Transgender high school athletes from across the country compete at the top of their fields, while also challenging the boundaries and perceptions of fairness and discrimination.;['Documental', 'Drama', 'Deporte'];88.0;Changing the Game
tt10011782;;;Vladislav Rytkov;['Yuriy Afanasyev-Shirokov'];Six year old Kolya's father is a professional criminal who doesn't live with his family. He visits his son and takes him on countryside drives from time to time. Naturally, Kolya at his young age can't fully comprehend what's happening. He loves his daddy and in a way imitates him in effort to protect this love from a prostitute, who happens to be in the way;['Drama'];15.0;He's Mine
tt10009368;6.9;69.0;Adrian Silisteanu;['Adrian Silisteanu', 'Claudia Silisteanu'];Sporadic gunshots echo among the ruins of a village which, though abandoned, is an objective of great import for the authorities. This forces two young men to lead a hard negotiation, both for the fate of the settlement and for their own future.;['Drama'];17.0;Afganistanii
tt10008772;;;Marinthia Gutierrez;['Isobel Hyland', 'Sandra Itzel Licea'];A young woman comes to terms with the death of her girlfriend.;['Drama'];;Something
tt10008784;6.3;63.0;Annie Silverstein;['Annie Silverstein', 'Johnny McAllister', 'Josh Melrod'];"In a near-abandoned subdivision west of Houston, a wayward teen runs headlong into her equally willful and unforgiving neighbor, an aging bull rider who's seen his best days in the arena; it's a collision that will change them both.";['Drama'];108.0;Bull
tt10011102;7.2;72.0;Aditya Sarpotdar;['Faizal Akhtar', 'Shrabani Deodhar', 'Sambhav Khetarpal'];The journey of Indian film industry's first stunt woman Reshma Pathan, it will trace the life of Reshma and her stint in movies as a body double for various actresses. Bidita Bag plays the lead role of feisty stunt-woman.;['Acción', 'Biografía', 'Drama'];106.0;The Sholay Girl
tt10009148;6.7;67.0;Sami Khan;['King Bruce Franks III', 'Bruce Franks Jr.'];Bruce Franks Jr. is a 34-year-old battle rapper, Ferguson activist and state representative from St. Louis, Missouri. Known as Superman to his constituents, he is a political figure the likes of which you've never seen - full of contradictions and deep insights, who has overcome unspeakable loss to become one of the most exciting and unapologetic young leaders in the ... Leer todo;['Documental', 'Drama'];28.0;St. Louis Superman
tt10009434;5.3;53.0;Kenneth R. Frank;['Kenneth R. Frank'];One man learns to die. Another man learns to live.;['Comedia', 'Drama'];81.0;Family Obligations
tt10011336;6.3;63.0;Sasie Sealy;['Banban Cheng', 'Sasie Sealy'];Ambientada en el barrio chino de la ciudad de Nueva York, una abuela china malhumorada y fumadora empedernida va por todo o nada en el casino, aterrizando en el lado equivocado de la suerte y en medio de una guerra de pandillas.;['Comedia', 'Crimen', 'Drama'];87.0;Lucky Grandma
tt10013050;;;Quentin Persia;['Quentin Persia', 'Pierre Sabrou'];;['Drama', 'Fantasía'];13.0;Passage
tt10013166;;;Denis McArdle;['Denis McArdle'];A young boy wants a timeworn trumpet from an irascible Antique shop owner.;['Drama'];16.0;The Silver Lining
tt10011976;;;Eric Chan;['Micah Burns', 'Eric Chan', 'Andrew Hunt'];Father and Son survive a difficult time through the use of their imagination.;['Drama'];11.0;Agente Secret
tt10009878;5.5;55.0;Anand Bhatt;['Anand Bhatt'];Crypto Wall 3.0. A ransomeware which targets nearly 10,000 people everyday, has acquired a new target, The FBI. Ali Khan, an employee of a cyber security firm is taken into custody, but things aren't always as they seem. The FBI will have to dig in deep to find out how this cyber crime really works, and what sort of role bitcoins play in aiding such hackers. Based on ... Leer todo;['Drama'];60.0;Encrypted: The Cyber Crime
tt10011610;;;Pasquale Avella;['Pasquale Avella'];A working class couple's life is turned upside down when they try to have a baby in a dystopian future where the government controls birthing rights.;['Drama'];15.0;iParent
tt10014328;;;Amanda Hinkley;['Amanda Hinkley'];When Emma's boyfriend leaves for a guys' night, her deepest insecurities and wildest fears about their relationship come to life before her very eyes.;['Comedia', 'Drama'];;Uncertainship
tt10014510;;;Bree Webber;['Bree Webber'];In 2022 after Roe v. Wade is overturned, a woman struggles to find the care that she needs after being sexually assaulted.;['Drama'];10.0;It Happened One Night
tt10015812;6.2;62.0;Awi Suryadi;['Agasyah Karim', 'Khalid Kashogi', 'Awi Suryadi'];Alex, a new highschool student met Maggie, and become best friends. Suddenly weird things started to happen in their highschool.;['Drama', 'Terror', 'Misterio'];91.0;Death Whisper
tt10015768;;;Michael Chaput;['Jarrett Barnes', 'Michael Chaput'];Ali, grieving from her fathers death, anticipates her distant sister's arrival after missing the funeral. While the two are cleaning out their father's house, Ali finds a hidden time travel machine, that may just be the only thing that can bring the two together.;['Drama', 'Ciencia ficción'];;42
tt10014590;6.0;60.0;Stephan Eigenmann;['Stephan Eigenmann'];A mother is suppressing her fear of losing her daughter in combat through the usage of futuristic technology.;['Drama'];14.0;Rewind
tt10014928;;;Kristal Glover-Wing;['Kristal Glover-Wing'];Two best friends lives are disrupted when one moves away, only to eventually find each other in the most unsuspecting way.;['Drama', 'Familiar'];;It's a Small World
tt10014950;;;Lisa Sanchez;['Michelle Sanchez'];;['Drama'];3.0;Heaven
tt10015644;7.6;76.0;Marco Romano;['Marco Romano'];An arthouse film consisting of a spinning red triangle in 2019 San Marino.;['Drama'];719.0;I Watched TV Show and Died from Blood
tt10014580;;;Billy Rudberg;['Sean Walsh'];A dejected man holed up in a motel room, aided by a phone sex operator, attempts reincarnating an absent lover. Ultimately blurring the lines between reality and fiction.;['Drama', 'Romance'];17.0;Hanging on a Telephone
tt10014298;;;Arepo;['Arepo', 'Alberto Bona', 'Federico Cicardi'];A relaxing walk in the countryside unexpectedly turns into an existential mystery.;['Comedia', 'Drama'];5.0;Piercing Stillness
tt10014838;6.2;62.0;Daria Onyshchenko;['Claudia Lehmann', 'Daria Onyshchenko'];Un maestro de ucraniano y una estudiante adolescente rebelde, ambos de la ciudad oriental de Luhansk, se enamoran durante el tiempo tumultuoso de la ocupación de la ciudad por parte de los separatistas prorrusos.;['Drama', 'Romance', 'Bélico'];105.0;Zabuti
tt10014708;;;Kenneth Ross;['Kenneth Ross'];;['Drama'];14.0;Bluefish
tt10014564;;;Alejandro Cervantes Polanco;['Alejandro Cervantes Polanco'];Don Hector, seeks to keep alive the memory of his wife by keeping alive her roses until he discovers that someone is stealing them, unveil his darkest and most hidden side.;['Drama'];18.0;Don Héctor
tt10015248;6.7;67.0;Çigdem Bozali;['Çigdem Bozali', 'Elif Akarsu Polat'];"The separation from her first love makes Zeynep into a lonesome woman; trying to find her lost love in letters she writes to prison inmates, she is led to one sentenced to life in prison.";['Drama', 'Romance'];104.0;Kader Postasi
tt10015518;9.2;92.0;Mariana Arriaga;['Guillermo Arriaga'];A couple travels to Cuba for a romantic getaway. Paula convinces Lorenzo to take a detour at the tobacco plantations in the Viñales region. On the way, their vehicle hits something. The accident will lead the couple into a moral conflict.;['Drama'];;La Hora Cero
tt10019160;;;Hayley Tibbenham;['Hayley Tibbenham'];When Alice, a plus-sized, jaded and seemingly insecure teenage girl, moves to a small town in northern Michigan, she develops a budding romance with Elliot, a sunny high school golden boy. However, this romance quickly leads to the discovery that she is not some washed-out stereotype, but something farthest from it.;['Comedia', 'Drama'];14.0;Inhuman
tt10019100;7.0;70.0;Alicia K. Harris;['Alicia K. Harris'];A young girl wears her afro to school on picture day and must deal with the unexpected consequences.;['Drama'];11.0;Pick
tt10019402;7.0;70.0;P.R. Arun;['P.R. Arun'];The film revolves around the struggles faced by Alice, a cyclist.;['Drama', 'Deporte'];122.0;Finals
tt0062336;6.4;64.0;Raúl Ruiz;['Raúl Ruiz', 'Omar Saavedra Santis'];La esposa de un hombre se ha suicidado y se le aparece como un fantasma, siguiéndolo a todas partes y cambiando su personalidad.;['Drama'];70.0;El tango del viudo y su espejo deformante
tt0383477;6.3;63.0;Dana Offenbach;['Dana Offenbach'];LOVE & ORGASMS is a dramatic comedy about women's relationships that explores the emotional challenges of healing a broken heart and the importance of sexual pleasure for women. After a heartbreaking experience, advertising executive Donna Greenberg throws herself into her work. Not ready to pursue another relationship, she finds sex without the confines of commitment... Leer todo;['Drama'];82.0;Love & Orgasms
tt0446792;7.7;77.0;Abbi Lake O'Neill;"[""Abbi Lake O'Neill""]";Kate McCarthy, a former teen sitcom star who trashed her life through drug abuse, is forced to live, fresh out of rehab, on the one remaining piece of property, her business manager, Charlie has kept out of foreclosure - a run-down apartment building in east L.A. With her one remaining trendy friend, Claire, who's still an addict and trapped in a loveless marriage, th... Leer todo;['Comedia', 'Drama', 'Romance'];;Surviving in L.A.
tt0849437;;;Hector Echavarria;"['Brad Bode', ""Fuad C'Amanero"", 'Hector Echavarria']";1967 China, A young boy (Dax) is left to survive on his own in the middle of no were, after his missionary parents were murdered by rebels. He is found and Raised by a Shawling Temple Monk and becomes skilled in Martial arts. 25 Years later, in Los Angeles he meets a long time friend, that now works for the FBI, who asks for his help in solving a case revolving the tr... Leer todo;['Acción', 'Drama', 'Deporte'];;Duel of Legends
tt0920462;4.7;47.0;William Olsson;['Catherine Hanrahan'];Margaret, una respetada profesora de inglés de día, se sumerge en el reluciente laberinto de Tokio por la noche. Con rumbo incierto, busca la amistad en sus compañeros expatriados hasta que conoce a un miembro de la Yakuza Kazu.;['Drama', 'Suspense'];97.0;Lost Girls and Love Hotels
tt10005120;;;Sayoko Akutsu;['Sayoko Akutsu'];Since 360 years ago, back in Edo era in Japan, OFUKU has been searching for her mother. Strong faith in her mother's words made OFUKU live over her life-span as a human being.After parting with her mother, OFUKU, with love and sorrow, had been a wanderer.;['Drama', 'Familiar'];15.0;OFUKU: Separation
tt10004368;7.0;70.0;Piotr Domalewski;['Piotr Domalewski'];Olka debe viajar a Irlanda para traer el cuerpo de su padre de regreso a Polonia después de que murió trabajando en un sitio de construcción.;['Comedia', 'Drama'];98.0;I never cry (Yo nunca lloro)
tt10006160;4.8;48.0;Janis Rafailidou;['Janis Rafailidou'];In a big city somewhere in the south of Europe, a couple takes care of dead animals and abandoned roadkill as an act to give meaning to their life. Kala azar is a meditation on the paradox of life-circles among beings of different species.;['Drama', 'Fantasía'];91.0;Kala azar
tt10006262;;;Lina Jalala;['Lina Jalala'];After being sexually assaulted by her boyfriend's best friend, a college student is terrified that this can be turned against her if she speaks up. She has no proof and he studies law.;['Drama'];10.0;Hear a No
tt10003588;;;Jess Taylor;['Christianna Mershon', 'Jess Taylor'];Two girls take justice into their own hands after friends and counselors brush aside their accusations of sexual assault.;['Drama'];12.0;Satisfaction
tt10003008;5.7;57.0;Dave Franco;['Dave Franco', 'Joe Swanberg', 'Mike Demski'];Dos parejas alquilan una casa de vacaciones para lo que debería haber sido una escapada llena de celebraciones.;['Drama', 'Terror', 'Misterio'];88.0;Vigilados
tt10005772;8.0;80.0;Michael Shumway;['Lex Hogan'];A farmer wakes up one morning to an unexpected apocalypse. As the last man alive, he decides to throw caution to the wind and start living his very best life.;['Comedia', 'Drama'];;The Last Queen on Earth
tt10008112;;;Rafael P. Basáñez;['Rafael P. Basáñez'];Convinced by her best-friends a newly-engaged young woman is about to have her life turned upside down after having her hand read by a chirologist.;['Drama', 'Suspense'];11.0;They Never Lie
tt10010434;;;Madeline Wahl;['Madeline Wahl'];For one young woman with a shameful secret, the burgeoning feminist movement of the 1970s is a catapult into a brave new world where vindication is possible.;['Drama'];10.0;For the Best
tt10010422;;;Daniel Drummond;['Daniel Drummond'];When a junkyard worker comes across a dead dog in her family's property, a burning sense of obligation compels her to give it a proper burial.;['Drama'];16.0;Salvage
tt10019108;5.8;58.0;Bernard Stora;['Pascale Robert Diard', 'Bernard Stora'];El famoso abogado Luc Germon agrega a sus clientes a Gilles Fontaine, uno de los jefes más poderosos de Francia. Se sospecha que ha adquirido una magnífica propiedad, Villa Caprice, en condiciones cuestionables.;['Drama'];103.0;El caso Villa Caprice
tt10016332;;;Aaron Cabrero Jr.;['Aaron Cabrero Jr.'];A detective is sucked into a mystery a woman ventures beyond dreams and reality.;['Drama'];15.0;Anxietus
tt10022990;5.4;54.0;Rathina Shiva;['Rathina Shiva'];A guy from a small-town takes on a ruthless criminal lawyer for his friend and sister(s).;['Acción', 'Drama'];123.0;Seeru
tt10023074;;;Corentin Rousseaux;['Nathaniel Grabli', 'Kally Remond'];;['Drama', 'Romance'];19.0;Drop
tt10023172;5.4;54.0;Danielle Arbid;['Danielle Arbid', 'Annie Ernaux'];Una madre cae en una adictiva relación con un diplomático ruso con el que no tiene nada en común.;['Drama', 'Romance'];99.0;Passion simple
tt10022726;5.9;59.0;Kayode Kasum;['Adaora Udeh'];....is a narrative that takes place over the life span of a married couple, their adorable love story starting from how they meet as youths, become friends, their courtship, their marriage and the difficulties they encounter.. they can't imagine their lives without each other until the hiccups and road bumps life throws at them. they struggle to get through the rough ... Leer todo;['Drama', 'Romance'];86.0;Sweet Face
tt10023022;5.6;56.0;Paul Solet;['Paul Solet', 'Adrien Brody'];Atormentado por su pasado, un hombre llamado Clean intenta una vida tranquila de redención. Pero pronto se ve obligado a reconciliarse con la violencia de su pasado.;['Acción', 'Crimen', 'Drama'];94.0;Clean
tt10023024;4.7;47.0;Imtiaz Ali;['Imtiaz Ali', 'Wajid Shaikh'];Dos individuos en un viaje de amor, pérdida y vida a través de las fases de la reencarnación.;['Drama', 'Romance'];142.0;Love Aaj Kal 2
tt10027720;4.9;49.0;Kristin Peterson Kaszubowski;['Kristin Peterson Kaszubowski', 'Martin Kaszubowski'];Ada, una joven reservada apasionada por la entomología, viaja al norte para conocer a la familia de su novia, pero lucha por encontrar puntos en común.;['Comedia', 'Drama', 'Romance'];80.0;Ringolevio
tt10028420;;;Phillip Youmans;['Phillip Youmans'];Upon immigrating to New York, a West-African mother finds comfort in the dresses her daughter makes for her.;['Drama'];15.0;Nairobi
tt10032266;6.7;67.0;Ruthy Pribar;['Ruthy Pribar'];La maternidad de Asia siempre ha sido una lucha constante más que un instinto obvio.;['Drama'];85.0;Asia
tt10032670;;;KT Walker;['Jalisa Brown'];;['Drama', 'Ciencia ficción'];;The Color of Midnight
tt10032352;;;Jenna Harder;['Jenna Harder'];A darkly comedic look at a day in the life of a struggling actor and the unique ways she deals with the pressures of the industry.;['Comedia', 'Drama'];;Whenever You're Ready
tt10031320;;;Prithwish Barman;['Prithwish Barman'];A guy is stuck in a traffic jam in a cab. He is getting late for an event where his sole motive is to meet and have a conversation with this one girl who he has been dying to meet. The companion to his misery is the cab driver who wants to get back home to celebrate his anniversary. Two strangers, craving for love, gets to know the other a bit more while stuck in traf... Leer todo;['Drama'];11.0;Aur Kitna Time Lagega
tt10031730;;;Gabriel Athanasiou;['Ioanna Kaltsidou'];In a small Greek village a frustrated woman in her 40s, Anna, can not handle her husbands' cheating anymore and decides to take revenge.;['Crimen', 'Drama'];;Before the Rooster Crows
tt10037824;9.3;93.0;Keir Siewert;['Keir Siewert'];Based on real accounts, a model takes matters into her own hands to expose a serial predator in the photography world.;['Drama'];;Portrait
tt10039338;5.6;56.0;Karlton Parris;['Karlton Parris'];A gritty Northern LGBTQ comedy drama. Blackpool 1953. Two young gay Yorkshire miners, Eddy and Tommy, on their annual holiday there, meet transvestite James Elbridge who is summoning up the courage to do the fabled walk from pier to pier.;['Comedia', 'Drama', 'Romance'];105.0;Once a Year on Blackpool Sands
tt10039526;;;Ben Wicks;['Adele James'];A short film that follows Rachel, a young woman on a night out with her best friends and her crush, that changes her life irreversibly.;['Drama'];6.0;Post-You, Me
tt10038088;;;Carlie McCann;['Carlie McCann'];Faced with the challenge of foreclosure of her home, a painter Sylvia is confronted with staying or leaving it all behind.;['Drama'];15.0;Sylvia
tt10038014;;;Joe Laporte;['Matthew Dennis Lewis'];Sins Unveiled documents the primal fear that small towns and small minds often resort to hate and violence when confronted with the unknown.;['Drama', 'Suspense'];;Sins Unveiled
tt10037766;;;Ryan Phoenix;['Ryan Phoenix'];Two German soldier brothers, part of the Nazi machine with two very different hearts. This short black and white film noir is not intended to be a political piece but a story about humanity.;['Drama'];5.0;Ein Man Stande
tt10042590;5.9;59.0;Carlos Sedes;['Ramón Campos', 'Javier Chacártegui', 'Salvador S. Molina'];En 1998, Isabel es una estudiante de periodismo en prácticas en Galicia que encuentra un obituario anónimo dedicado a Lucía, una historia de amor, amistad y traición que nos remonta a 1958.;['Drama', 'Romance'];119.0;El verano que vivimos
tt10043458;7.2;72.0;Alfonso Quijada;['Alfonso Quijada'];Set in the coffee fields of Latin America, the movie unfolds through the eyes of Josefina Moreno, an 18 year-old coffee picker, with a rare and amazing sense of smell.;['Drama'];93.0;El Suspiro del Silencio
tt10039584;6.7;67.0;Hugo Pinto;['Andreia Azevedo Moreira'];;['Drama'];19.0;A Escritora
tt10041978;8.1;81.0;Sydney Taivavashe;['Sydney Taivavashe'];How do you survive in an isolated village with a small human population and an even larger wildlife one? For Zulu, a rural, cultured man, it is a constant battle for survival. He lives a fantasy of an acclaimed musician. In reality, he is a broken-hearted drunk. He must figure out why he is ill-fated, how to take care of his ailing mother, and how to realize his dream... Leer todo;['Drama'];100.0;Gonarezhou: The Movie
tt10039524;5.3;53.0;Zeina Durra;['Zeina Durra'];Cuando la trabajadora humanitaria británica Hana regresa a la antigua ciudad de Luxor, se encuentra con su ex amante Sultan. Ella lucha por reconciliar las elecciones del pasado con la incertidumbre del presente.;['Drama', 'Romance'];85.0;Luxor
tt10042622;4.5;45.0;Troy Ruptash;['Troy Ruptash'];A Ukrainian farmer living in Alberta loses his wife in a tragic accident. Guilt and grief send him into an emotional spiral where mysterious and inexplicable events force him to relive traumatic incidents from his childhood in Ukraine.;['Drama'];88.0;They Who Surround Us
tt10047998;;;Alejandro Marcos;['Alejandro Marcos'];A billionaire fashion business-woman that finds a hard worker wannabe living under her bed. The theme is a metaphor about the income inequality (1% of the population holds 60% of the wealth).;['Drama'];25.0;The Aboves and the Belows
tt10056224;5.2;52.0;Moritz Bleibtreu;['Moritz Bleibtreu'];Hagen desarrolla pesadillas inquietantes y pronto ya no puede distinguir entre sueño y realidad.;['Crimen', 'Drama', 'Suspense'];96.0;Cortex
tt10055892;;;Nat Wolff;['Nat Wolff'];A young girl who recently lost her father bonds with one of her older sibling's friends at a high school house party. When she experiences her first heartbreak, she takes matters into her own hands.;['Drama'];;Youngest
tt10054604;3.5;35.0;Robert L. Parker III;['Crystal Harris', 'Robert L. Parker III'];Four single women reunite together after not seeing each other in so many years. When they meet they discover that they haven't changed much. While together they have wild parties, drinking, dancing and other fun activities. Starring Kaymecia Garvins, Marie Richards, Robin Lee Nina Holley, Ronrico Albright and Tony Terry.;['Comedia', 'Drama'];111.0;Girlfriend's reunited
tt10058872;;;Andrew Ball-Shaw;['Andrew Ball-Shaw'];With a mostly memories-based existence, of a person finding health deterioration difficulties. Whilst knowing the colour purple does not exist in the spectrum. These similarities combined provides an interpretation of living with dementia.;['Drama'];;Lavender
tt10058890;6.6;66.0;António Borges Correia;['António Borges Correia'];Hugo, a teenager, imagines a movie about his loneliness.;['Documental', 'Drama', 'Familiar'];91.0;Lonesome Boy
tt10061280;;;Dave Rodkey;['Dave Rodkey'];Two siblings discover that their father is marrying their best friend at a disastrous Easter dinner.;['Drama'];15.0;The Place of the Skull
tt10062614;5.4;54.0;Ruchi Narain;['Atika Chohan', 'Kanika Dhillon', 'Ruchi Narain'];When a college heartthrob is accused of rape by a less popular student, his girlfriend navigates various versions of the story in search of the truth.;['Drama', 'Suspense'];119.0;Guilty
tt10058946;6.3;63.0;Mohammad Hormozi;['Mohammad Hormozi'];Music is the language of the human soul.;['Drama', 'Música'];16.0;Inner Self
tt10059532;;;Luisa Novo;['Luisa Novo'];Camila's world seems perfect on the outside, but appearances can be deceiving. A book is her only escape, but it can be dangerous to keep a secret.;['Drama'];16.0;O Mundo Aqui Dentro
tt10059822;;;Katherine Harold;['Katherine Harold'];Short film speaking on marital issues in the 1950's as the wife seeks more independence and recognition within the relationship. Story loosely inspired by Henrik Ibsen's play 'A Doll's House'.;['Drama'];7.0;La Lettre
tt10065226;;;Ross Syner;['Dan Francois-Smith', 'Ben Keen', 'Ross Syner'];Incredible and untold WW2 true story! Jean Francois, carries out a death-defying escape from one of Nazi Germanys infamous prisoner of war camps.;['Drama', 'Bélico'];14.0;Francois
tt10065694;5.8;58.0;Gerard Bush;['Gerard Bush', 'Christopher Renz'];La autora de éxito Veronica Henley se ve atrapada en una terrible realidad y tiene que destapar un misterio que desafía toda comprensión antes de que sea demasiado tarde.;['Drama', 'Terror', 'Misterio'];105.0;Antebellum
tt10065208;;;Erik M.G. Fox;['Erik M.G. Fox'];A hitman does one last job to get home before he deteriorates completely.;['Crimen', 'Drama'];12.0;32 Goldfish
tt10066262;7.5;75.0;Eduardo Wannmacher;['Leo Garcia'];Three completely different women have one thing in common: they loved and were connected to the same man. From the point of view of these women, through an intricate structure moving back and forth in time, Raul enters the story.;['Drama'];98.0;Depois de Ser Cinza
tt10068916;8.0;80.0;Masayuki Kojima;['Akihito Tsukushi', 'Hideyuki Kurata'];La aventura épica de los valientes Riko y Reg, a quienes se une su nuevo amigo Nanachi.;['Animación', 'Aventura', 'Drama'];113.0;Made in Abyss: El amanecer del alma profunda
tt10069486;;;Panji Kaonga;['Stephen Maddox'];When life couldn't get any worse, Jack finds he is flying from Glasgow and not Gatwick. Attempting to catch a last minute train from London he is confronted with where he is at in life by passengers he doesn't want to be sat with.;['Drama'];11.0;Journey
tt10069650;4.2;42.0;Katie Boland;['Katie Boland'];Identical twin performers are forced to reckon with their fame when a sex tape threatens to tear them apart.;['Drama'];9.0;Twins
tt10073626;;;Dave Bean;['Kenneth T. Griggs', 'Robert Dominick Jones'];A father and son, both military veterans, blame each other for the death of another family member who was killed in battle.;['Drama'];18.0;Footsteps
tt10073452;7.0;70.0;Nándor Lörincz;['Nándor Lörincz', 'Bálint Nagy'];Based on true events, 'As far as i know' tells the story of a couple and their challenges after a rape, from the husband's perspective.;['Drama'];123.0;Legjobb tudomásom szerint
tt10073872;;;Marlon Morales;['Marlon Morales'];;['Comedia', 'Drama'];5.0;Días Negros
tt10075442;6.8;68.0;Thatchaphong Suphasri;['Apichet Kamphu', 'Kiat Songsanant'];In a love triangle that miraculously mirrors her mother's romance years ago, a young woman lets her heart lead.;['Drama', 'Romance'];123.0;Classic Again
tt10074848;;;Jennifer Berry;['Jennifer Berry'];During a time of urgent climate crisis, a poor Native American nurse and a wealthy trophy wife meet for an exchange of supplies. A fragile friendship forms when they realize they have more in common than differences.;['Drama'];;The Exchange
tt10078686;;;Justin James Remeikis;['William C Cole'];LOVE LONELY A story based on the novels by William C. Cole 'LOVE LONELY' and 'WHO LIES BESIDE ME'. Billionaires, Unconditional Love, Desire, Temptation, Horseracing, Deceit. Influenced by so many forces pulling them apart David Watson, and his beautiful, influential wife Sandy, realize the life they once imagined was not to be. A tale of struggle to piece it back toge... Leer todo;['Drama'];;Love Lonely
tt10080092;4.7;47.0;Xu Zhanxiong;['Xu Zhanxiong'];In the 1990s, the two girls and a boy who first entered the society tested the incredible destiny they experienced in the pursuit of a new life. In the flourishing 1990s, they rose up with the dream and they survived.;['Drama', 'Romance'];112.0;Qiao mai feng zhang
tt10081762;6.1;61.0;Joachim Hedén;['Joachim Hedén'];Unas vacaciones invernales de buceo en Noruega se convierten en una desesperada carrera contrarreloj para dos hermanas cuando una de ellas acaba atrapada en el fondo del océano.;['Aventura', 'Drama', 'Terror'];82.0;Atrapada en las profundidades
tt10081788;5.4;54.0;Paul Manate;['Cécile Ducrocq', 'Paul Manate'];While Teivi is just a ambitious young man from the Tahitian golden youth, his distant cousin Yasmina is a full-blooded Maori owner of a mysterious gift that isolated her from the world. Their paths will clash.;['Drama'];89.0;L'oiseau de paradis
tt10082520;;;Achyut Prashast Singh;['Achyut Prashast Singh'];A young man starts to prank his masked archenemy with a fake sniper gun and runs into trouble when a man believing him to be an actual sniper assigns him a job.;['Acción', 'Drama', 'Suspense'];45.0;Range of Sniper
tt10086654;7.5;75.0;Luther Clayton;['Luther Clayton', 'Orion Eshel'];"Two young boys with a brotherly bond are discovering the beauty hidden in their world; in nature, music and language. But soon must battle to retain it when it is threatened by one uncontrollable act of violence.";['Drama'];15.0;Man of the Harvest
tt10092172;;;Malte Wirtz;['Malte Wirtz'];By accident Bastian meets Isabell in the elevator, he writes secretly his telephone number on one of her cigarettes. In the morning she smokes the cigarette and accidentally destroys the chance to contact him again. She goes to a radio station of which she knows he is listening to, but in the very second she talks on the radio to him he gets a phone call and doesn't h... Leer todo;['Comedia', 'Drama'];11.0;Nur ein Augenblick
tt10089810;8.0;80.0;Christopher Jason Bell;['Christopher Jason Bell'];Two men design and build a detention center.;['Drama'];9.0;Boundaries
tt10092464;;;Tejas Dhhanraj;['Tejas Dhhanraj'];;['Drama'];;Adbhoot - ek dhandal saira vaira
tt10092752;5.2;52.0;Julien Leclercq;['Julien Leclercq', 'Jérémie Guez', 'Matthieu Serveau'];Saïd es dueño de un aserradero en las profundidades del bosque, que decide vender. Poco sabe que uno de sus aprendices fue acorralado por su hermano y obligado a esconder una gran cantidad de cocaína dentro de la fábrica.;['Acción', 'Crimen', 'Drama'];80.0;La tierra y la sangre
tt10093672;;;Andy Siravanta;['Alex May'];Natalie is an on and off recovering heroin addict. As she struggles through withdrawals in a secluded motel, hoping it will stick this time, she is plunged through memories of the relationship she let fail months ago.;['Drama'];12.0;Recover
tt10095308;6.2;62.0;Kelly Oxford;['Kelly Oxford'];Una joven lucha con un trastorno de ansiedad después de abandonar la escuela.;['Comedia', 'Drama'];94.0;Pink Skies Ahead
tt10097346;6.5;65.0;Dalei Zhang;['Rui Xiao', 'Dalei Zhang'];Released from prison on New Year's Eve, Ma Biao returns to a freezing border town between China and Russia. He searches for former lover Karinna, but unwittingly gets dragged again into a gangland conflict from years ago.;['Drama'];146.0;Lan Se Lie Che
tt10097312;5.6;56.0;Jun Geng;['Jun Geng', 'Bing Liu'];Un hombre intenta vender su perro mascota debido al nacimiento de su hijo.;['Comedia', 'Drama'];118.0;Manchurian Tiger
tt10097386;;;Zhanna Issabayeva;;"Azat, is a 19-year-old villager who comes to a big city of Almaty to work in the construction team of his elder brother. In the city there will be the ""crossroad of fate"" which determines how things will unfold in Azat's life.";['Drama'];;Sudba
tt10097484;5.1;51.0;Henri Wong;['Wenwen Fan', 'A. Lee Martinez', 'Yahe Wang'];Ji Mo is regarded as an outlier because she can see monsters. One day, she sees a monster in the supermarket and meets a monster hunter, Meng. She discovers that there really are monsters in the world, and she is involved in a new storm.;['Acción', 'Drama', 'Fantasía'];104.0;Guai wu xian sheng
tt10097470;8.6;86.0;Feng Mei;['Feng Mei'];Love Song 1980 tells a story of love and hatred between several young men and women in the 1980s. It covers family relationships, friendship, love and three-dimensional characters with touching stories.;['Drama'];127.0;Lian Qu 1980
tt10098068;;;Paddy Hay;['Paddy Hay'];Overwhelmed by society, a young man drifts from the bustle of the city streets to an urban bushland, where he encounters a fellow outlier.;['Drama', 'Misterio'];16.0;Cuckoo Roller
tt10098442;6.0;60.0;Charlotte Dauphin;['Charlotte Dauphin'];An intimate portrait of a woman's mental confrontation and drifting between dream and reality after experiencing loss.;['Drama'];77.0;L'autre
tt10098042;5.6;56.0;Natalie Spence;['Natalie Spence'];A soldier is haunted by ghosts of the past as he wrestles with those of the present.;['Drama', 'Bélico'];76.0;Sunray
tt10100196;7.1;71.0;Bryan Wizemann;['Bryan Wizemann'];Cassandra se enamora de Nathan, un DJ local. A medida que su control coercitivo aumenta y sus exigencias se vuelven más oscuras, ella debe decidir cuánto vale su propia libertad.;['Drama'];;You Mean Everything to Me
tt10098776;9.0;90.0;Richard Hunter;['Richard Hunter'];Set on the coastal town of Dungeness, skeletons tells the story of Rose, an aging sex line worker, who attempts to escapes a loveless marriage after she falls head over heels for a rotting corpse.;['Comedia'];20.0;Skeletons
tt10101806;6.3;63.0;Ramon Térmens;['Daniel Faraldo', 'Ramon Térmens'];La vida de un abogado de inmigración cambia radicalmente cuando su nuevo cliente aparece muerto en circunstancias sospechosas dentro de un CIE.;['Drama'];119.0;La mujer ilegal
tt10103028;4.8;48.0;Michael Nell;['Michael Nell'];"Un policía responde a una llamada de rehén y mata al sospechoso, solo para descubrir que puede haber sido una trampa; al enfrentarse a un juicio, debe encontrar a la persona responsable mientras examina su propia responsabilidad.";['Crimen', 'Drama', 'Suspense'];83.0;Blindfire
tt10102402;6.4;64.0;Marian Crisan;['Gabriel Andronache', 'Marian Crisan'];A high-profile politician running for the EU Parliament meets a tractor driver, teaming up during the election campaign in a small Romanian town.;['Comedia', 'Drama'];93.0;Berliner
tt10102746;;;Luben Kanev;['Luben Kanev'];;['Drama'];58.0;The Forgotten
tt10105488;;;Aneel Ahmad;['Aneel Ahmad'];6 interwoven international stories about dependency, be that love, drugs, work, companionship.;['Drama'];13.0;Dependence
tt10110614;6.8;68.0;Christos Nikou;['Christos Nikou', 'Stavros Raptis'];En medio de una pandemia que causa amnesia repentina, Aris, se encuentra inscrito en un programa de recuperación, diseñado para ayudar a los pacientes no reclamados a construir nuevas identidades.;['Drama'];91.0;Apples
tt10106540;;;Tiffany Joy Taylor;['James Michael Douglas', 'Mary Lockwood'];An amateur boxer must overcome her family's discouragement to seek a career in pro boxing.;['Drama'];;Jericho
tt10106082;7.3;73.0;Eduardo M. Clorio;['Paco Arriagada', 'Karla Coronado', 'Idalia Damián Azcoitia'];10 fantásticas y oscuras conversaciones nos cuentan la historia de una familia mexicana a través de las relaciones y conflictos de dos hermanos.;['Comedia', 'Drama', 'Misterio'];97.0;Conversaciones
tt10107260;;;Gareth James;['Gareth James'];A young woman in 17th century Scotland is accused of witchcraft, after demonstrating a propensity for natural remedies and independent, strong-willed behaviour.;['Drama', 'Historia'];18.0;The Burning of Mary
tt10107222;6.5;65.0;Leonie Krippendorff;['Leonie Krippendorff'];Berlín-Kreuzberg es el microcosmos de Nora. Nora, la observadora silenciosa, que nos acompaña en fiestas, en la escuela, en la piscina, en los tejados y en los apartamentos, presenciando eventos que se desvanecen en la luz del verano.;['Drama', 'Romance'];99.0;El despertar de Nora
tt10109698;7.5;75.0;Jason Allen;['Jason Allen'];This 1970's crime drama focuses on Danny Landowski. A husband and a father to some, he is really a selfish, pool hustling criminal on the streets of Detroit who never got out of the game. With the help of his partner, Chris, he may have just found his way out - with one last job.;['Crimen', 'Drama'];;Road Runner
tt10112032;;;Kjetil Engh Aasen;['Kjetil Engh Aasen'];The life of a mother and son is turned upside down, when the man they thought they knew is suspected for unspeakable crimes against children.;['Drama'];;Askedager
tt10111546;;;Sreemoyee Bhattacharya;['Taranjit Kaur'];This film captures a woman's journey, as she explores her sexuality and her relationships, good and broken. A film that talks about not looking for love outside, but within.;['Drama'];;Love Sex Soprano
tt10115320;;;Lidiya Korotko;['Sydney Sainté'];Amidst the Coney Island backdrop of fireworks on July 4th, 1949, Della, a battered, young black woman leaves her husband in pursuit of a brighter future. Her courageous journey leads her to find an unlikely ally named Mishka, on the white side of town. Though their paths cross in the darkest of times, through truth, they find a way to unearth the light in each other.;['Drama'];;Bombs Bursting in Air
tt10117768;6.7;67.0;Stéphanie Chuat;['Stéphanie Chuat', 'Véronique Reymond'];Lisa has bid goodbye to her ambitions as a playwright and the Berlin arts scene and now lives in Switzerland with her husband, who runs an international school. When her twin brother falls ill, she returns to Berlin.;['Drama'];99.0;Schwesterlein
tt10116384;4.9;49.0;Mike Manning;['Mike Manning', 'Tom Anderson'];When Darren agrees to give Irene a ride to a birthday party, we journey into the depths of his fragile ego as it becomes clear that the evening will fall short of his deluded expectations.;['Drama'];;Toxic
tt10116558;;;Abhishek Samariya;['Abhishek Samariya'];A surreal dark comedy, set at a funeral, narrated by a cat.;['Comedia', 'Drama'];11.0;John Mortonson's Funeral
tt10120260;;;Henry Czerwonka;['Henry Czerwonka'];A woman plagued by her past gets a chance to revisit her earliest memories.;['Drama', 'Ciencia ficción'];26.0;Analog Rainbow
tt10121110;6.7;67.0;Júlio Alves;['Júlio Alves', 'Mário de Carvalho'];Can a turtle, the most pacific animal on earth, start a range of significant events that are going to forever change a couple's life? After dividing all their assets, Arnaldo e Barbara still have one decision to make before they formalize their separation: what to do with the turtle? Amongst hesitation and failed solutions, unintended burglaries, police stations, plas... Leer todo;['Drama'];91.0;A Arte de Morrer Longe
tt10123970;5.2;52.0;Swaylee Loughnane;['Alan Colegrave', 'Paul Gardner'];A couple mutually decide to give their baby up for adoption to go back to living their separate lives.;['Drama'];127.0;Mother's Child
tt10125954;;;Brian Knight;['Brian Knight'];;['Crimen', 'Drama'];;The Peace of Wild Things
tt10123128;7.2;72.0;Steven Chatterton;['Steven Chatterton', 'Mark Arrigo'];'Adnan' is the story of an imaginative ten year old Syrian refugee boy who has had to flee his home country with his mother after the rest of their family were killed and their neighbourhood destroyed. Now settled in the UK, he must use all his creativity to break through his mother's PTSD or risk losing her forever.;['Drama'];15.0;Adnan
tt10122618;6.6;66.0;Fakhrul Arefeen Khan;['Fakhrul Arefeen Khan', 'Suvojit Roy'];How friendship is meaningful in our life? Does it has any barrier by thought? Age, Color, race or religion? Let's make friendship universal -a circle free for better humanity.;['Drama'];112.0;Gondi
tt10123698;6.4;64.0;Ruben Alves;['Élodie Namer', 'Ruben Alves', 'Cécilia Rouaud'];Un joven que busca su identidad sexual decide participar en el certamen de belleza Miss Francia.;['Comedia', 'Drama'];107.0;Miss
tt10125586;;;Jeremy Lutter;['Ryan Bright'];Einar, an addict recently abandoned by his wife and five year-old daughter. As he fights to go clean in their ocean side home, Einar is haunted by an uninvited stranger.;['Drama', 'Terror'];15.0;We Came from the Sea
tt10125722;;;Jacob Stuart;['Jacob Stuart'];A 30-year-old inebriated American, who smuggles firearms into Ciudad Juárez as his occupation, stumbles upon a young Mexican boy separated from his mother during an attempt to cross the border. In search of a path to reunite the pair, the American hesitantly agrees to conceal the child in his vehicle and transport him to El Paso. However, complications arise when he d... Leer todo;['Crimen', 'Drama'];;From Gringo to Grave
tt10127760;7.4;74.0;Milan Trenc;['Petar Hektorovic', 'Milan Trenc'];A nobleman poet embarks on a boat trip with two local fishermen. As they hop the bucolic islands, he recalls his youthful tragic love and his artistic impotence while the uneasy relationship with common fishermen evolves..;['Biografía', 'Drama', 'Romance'];97.0;Ribanje i ribarsko prigovaranje
tt10127684;6.1;61.0;Olivier Marchal;['Olivier Marchal'];Atrapado en el punto de mira de la corrupción policial y las bandas en guerra de Marsella, un policía leal debe proteger a su escuadrón tomando el asunto en sus propias manos.;['Acción', 'Crimen', 'Drama'];116.0;Bronx
tt10130964;8.8;88.0;Noel Vinson;['Noel Vinson', 'T.C. De Witt'];A man with a bounty on his head joins a game of high stakes poker against three strangers who bet with more than just money and have plenty of time to kill.;['Drama', 'Misterio'];29.0;Dusters
tt10132068;5.9;59.0;Daria Woszek;['Sylwester Piechura', 'Aleksandra Swierk', 'Daria Woszek'];María es solo una trabajadora solitaria de una pequeña tienda de comestibles que vive una vida libre de pecado.;['Drama'];80.0;Marygoround
tt10131182;;;Kyle Bastin;['Kyle Bastin', 'Marcos A. Garcia Padilla'];"""One Last Time"" tells the story of Henry Bennett, a debt collector with one last job to do before he is free from his greedy employer, Mr. Otto. When Henry encounters a struggling family on their last leg, he must decide to take their money and be free, or let them go and face the consequences himself.";['Drama', 'Del oeste'];15.0;One Last Time
tt10132976;6.1;61.0;Philippe Garrel;['Jean-Claude Carrière', 'Arlette Langmann', 'Philippe Garrel'];"Un joven provinciano viaja a París para presentarse a un examen de acceso a una ""grande école"". Su camino se cruza con el de una mujer joven y entablan una relación de corta duración.";['Drama', 'Romance'];100.0;Le sel des larmes
tt10132488;6.3;63.0;Hitoshi Yazaki;['Kanako Nishi'];Three siblings share a home with their parents living a happy life. The oldest one is good-looking guy, which is something of a contrast from his younger brother who is at school. The youngest one is the girl and has two brothers to protect her. Unfortunately an accident knocks out the oldest sibling. It is not a happy time.;['Drama', 'Familiar'];119.0;Sakura
tt10135484;;;Anastasi Soldatenkova;['Anastasi Soldatenkova'];Two students rent an apartment in the city. Their meeting was happenstance. Freedom unfolds in a rather different way through the perspective of a roommate.;['Comedia', 'Drama'];12.0;On the mind
tt10135646;;;Jonathan Rogers;['Jonathan Rogers'];;['Drama'];;Beach Town
tt10136434;5.8;58.0;Robert Glinski;['Wojciech Lepianka'];"The 70s. A Security Service Major wishes to ""buy"" gullible priest Zieja and turn him into an agent who will discredit the opposition. The priest's interrogations become a natural pretext for a journey through the history of Poland in the twentieth century: from the Bolshevik war of 1920, through World War II, up to modern times. It turns out that the seemingly naive F... Leer todo";['Drama'];110.0;Zieja
tt10138068;;;Sebastian Jobst;['Jannis Hain', 'Daphne Heil', 'Sebastian Jobst'];;['Drama', 'Romance'];87.0;Schmetterlinge
tt10141998;;;Jonathan Borgel;['Jonathan Borgel', 'Marguerite Duras'];A short story about the incestuous relationship of brother and his sister Agatha returns to the seaside resort of her childhood in Normandy with her six-year-old son Honoré after years of absence.;['Drama'];17.0;Une journée à la mer
tt10147962;;;Jithin Lal;['Christy Sebastian'];Maravairi accentuates queer pride and celebrates Diversity and Inclusiveness. We embrace the bold legacy of LGBTQ while attempting a conceptual divergence from usual portrayal of Indian Classical Music.;['Drama', 'Música'];;Maravairi
tt10146208;6.4;64.0;Eduard Bordukov;['Eduard Bordukov', 'Aleksandr Egorov', 'Igor Gordashnik'];The film's two main protagonists are Russia's best saber fencers. One of them has long been in the limelight, the other only recently made it into the national team and has been winning almost every tournament since. The two athletes begin to fight for supremacy both on and off the arena.;['Drama', 'Deporte'];115.0;En el filo
tt10148118;4.7;47.0;Ben Mole;['Ben Mole'];Un grupo de soldados británicos en la Segunda Guerra Mundial son capturados. Un boxeador británico de renombre entre ellos se ve obligado en el ring a luchar contra un boxeador alemán igualmente talentoso mientras luchan por escapar.;['Acción', 'Drama', 'Deporte'];87.0;Behind the Line: Escape to Dunkirk
tt10147590;6.6;66.0;Reinhold Messner;['Reinhold Messner'];;['Documental', 'Drama'];90.0;Cerro Torre
tt10150226;;;Aaron Yeger;['Brynn Byrne', 'Aaron Yeger'];In a near-future where everyone must pass a test to get their Adult License, an unlicensed 28-year-old, forced to live in a dorm, regains his self-worth when he comes to the aid of his younger brother who gets into trouble after getting his license at 16.;['Drama'];20.0;Unlicensed
tt10147910;5.6;56.0;Lee Thongkham;['Lee Thongkham', 'Piyaluk Tuntisrisakul'];Joy trabaja como sirvienta doméstica y es perseguida por el espíritu de la sirvienta anterior que la guía para descubrir el secreto detrás de su muerte.;['Drama', 'Terror', 'Misterio'];102.0;The Maid
tt10150508;8.0;80.0;Anabelle D. Munro;['Leanne Melissa Bishop', 'Anabelle D. Munro'];A dangerous game of fire begins when an Elite level gymnast and her Coach become entangled in a web of psychological damage.;['Drama'];16.0;The Weight of Perfection
tt10150920;;;Damon Griffin;['Damon Griffin'];A kid's identity crisis and lifelong sinus problems are transformed by his relationship with a disabled boy.;['Drama'];66.0;Green Summer
tt10149610;;;Todd I Gordon;['Todd I Gordon'];Henry, a septuagenarian cross-dresser, finds his life abruptly changed when Dolores, his closest friend and long-time co-worker, dies suddenly. Henry is not only excluded from the funeral, but forced to come to terms with losing the only person who truly accepts his cross-dressing.;['Drama'];16.0;Old Hen
tt10150238;7.8;78.0;Helen Alexis Yonov;['Helen Alexis Yonov'];A lonely postman (Gilbert) secretly recreates postcards for a woman (Aurore) on his postal route when her boyfriend's homemade postcards stop arriving from his travels around the world. With the help of his friend Mr. Rostalle, (Paul Dooley) a blind widower and retired literary professor/poet, Gilbert (James Michael Tyler) learns to open himself up to the prospect of ... Leer todo;['Drama'];23.0;The Gesture and The Word
tt10149938;6.9;69.0;Rodrigo Reyes;['Misha Maclaird', 'Lorena Padilla', 'Rodrigo Reyes'];Upon the 500-year anniversary of the Spanish Conquest, a ghostly Conquistador arrives in modern Mexico. As he journeys toward the capital city, he remembers events from his past while encountering the testimonies of real people, the survivors of contemporary violence. History and the present begin to merge, giving nightmarish reflection on the enduring legacy of colon... Leer todo;['Documental', 'Drama', 'Historia'];87.0;499
tt10150554;;;Mark Datuin;['Mark Datuin'];Maria and Milo have always had a peculiar mother-son relationship that had never been questioned. That is until one day its limit is exercised.;['Drama'];14.0;Limited
tt10150638;;;Paola Manno;['Paola Manno', 'Sergio Recchia'];;['Drama'];15.0;L'abbraccio
tt10151048;4.5;45.0;Harper Philbin;['John Dufresne', 'Harper Philbin'];When a state government shutdown closes parks on 4th of July weekend, the Park Rangers of Driftless State Park, led by Nova Abbey, must protect the park from the people, and the people from one another.;['Aventura', 'Crimen', 'Drama'];75.0;Driftless
tt10150776;;;Frances Wilkerson;['Frances Wilkerson'];Red, a once famous clown, lost his 6-year old son 2 years ago. He continues to blame himself for the loss. He is currently a small-time party clown, but the majority of the time he is too bitter and intoxicated to be effective.;['Comedia', 'Drama'];18.0;Red
tt10152582;;;Flying King Manju;['Mayur Patel', 'Akshatha Shreedhar Shastry'];Rajeeva is a Kannada movie starring Mayur Patel and Akshatha Sreedhar Shastry in prominent roles. It is a drama directed by Flying King Manju.;['Drama'];;Rajeeva
tt10150702;6.5;65.0;Justin Robinson;['Justin Robinson'];A grief-stricken widow calls on all the powers that be, just to see her late husband one last time.;['Drama'];11.0;Snowbirds
tt10151656;5.4;54.0;Christopher Munch;['Christopher Munch'];A respected journalist uncovers the truth behind the mythology of President Eisenhower's long-alleged involvement in extraterrestrial events.;['Drama', 'Historia', 'Ciencia ficción'];108.0;The 11th Green
tt10153510;7.6;76.0;Antonio Cuadri;['Andrés Garrigó', 'Pedro Delgado'];Una invencible pero desconocida fuerza aspira a salvar el mundo. Para lograrlo, ¿será suficiente anunciarlo?;['Drama'];85.0;Corazón ardiente
tt10152722;6.4;64.0;Bettina Oberli;['Cooky Ziesche', 'Bettina Oberli', 'Thomas Ritter'];Wanda, a Polish woman, takes care of 70-year-old Joseph in his family villa on the lake. She is always there for him and also helps his wife Elsa. The work is poorly paid, but Wanda needs the money for her family.;['Comedia', 'Drama'];111.0;Wanda, mein Wunder
tt10152738;;;Inga Lísa Middleton;['Inga Lísa Middleton'];Karen, a 9 year old Icelander has always wanted to meet her London based actor father. Having fantasied about him for years, she realizes when they meet that he's perhaps not the father that she had wished for. This uncomfortable experience gives Karen both the strength and confidence to tackle the local bullies.;['Drama'];;Óskin
tt10156122;6.0;60.0;Mikhail Mareskin;['Mikhail Mareskin'];;['Drama'];;Vnutrenniy ogon
tt10155896;;;Yuechen Hao;['Yuechen Hao'];In LA Chinatown, a young woman dreams of being a chef in her father's restaurant, but when she finds out that her father plans to pass down the restaurant to her brother, she has to re-evaluate her dream.;['Drama'];45.0;One Meal
tt10156352;;;Orit Novak;['Chengwu Guo'];From poverty to principal. A story about one of Australia's most talented ballet dancers.;['Documental', 'Drama'];22.0;Chen
tt10158358;6.2;62.0;Aycil Yeltan;['Aycil Yeltan'];A homeless, hearing impaired Gala and her journey finding a life purpose through art.;['Drama'];15.0;Topanga
tt10161080;;;Leonardo Dell'Olio;"[""Leonardo Dell'Olio"", 'Gianluca Perrino']";A woman's hair clip in Mario's room becomes an obsession to the young man who can only be quieten down by the sea.;['Drama'];13.0;Deep into the sea
tt10161886;5.9;59.0;Ryan Murphy;['Bob Martin', 'Chad Beguelin', 'Matthew Sklar'];Un grupo de estrellas del teatro se reúne en una localidad conservadora de Indiana para apoyar a una estudiante que quiere llevar a su novia al baile de graduación.;['Comedia', 'Drama', 'Musical'];130.0;The Prom
tt10163896;;;Christopher Beaulieu;['Christopher Beaulieu'];Chris is an English teacher in South Korea who is lazy at work and lazy in life - an expat looking for a good time, trying to run away from the shame and responsibilities of his life back home.;['Drama'];67.0;Konglish
tt10163298;;;Arthur Vincie;['Arthur Vincie'];A short film about love, grief and board games.;['Drama'];7.0;Cosmic Playtester
tt10166648;;;Samantha Nolte;['Bobby McGruther'];After being gone for eleven years, a burnt out hardcore vocalist returns to his small, New Jersey hometown, in the wake of his father's death during the holidays.;['Comedia', 'Drama', 'Romance'];;Fair Haven
tt10167116;8.4;84.0;Laura Duval;['Laura Duval'];In a futuristic dystopian world young women are remote viewers for the government. A remote viewer, on a journey to deliver a family heirloom, must decide whether she will die as a hero or escape to live the life of a regular teenager.;['Drama', 'Ciencia ficción'];;The Marked
tt10167422;6.9;69.0;Nobuhiro Suwa;['Kyôko Inukai', 'Nobuhiro Suwa'];Haru, quien se ha trasladado a Hiroshima, en el sur de Japón, se encuentra con una cabina telefónica deshonesta en medio de la nada cuando regresa a la prefectura de Iwate en el norte de Japón.;['Drama'];139.0;El teléfono del viento
tt10165742;;;Kasey Quinn;['Kasey Quinn'];Shelly's special night goes awry when an unexpected visitor arrives.;['Comedia', 'Drama'];;Fantasy
tt10167850;;;Bernard L. Eatmon;['Saphire Blue'];;['Drama'];85.0;The Heights a Perfect Reunion
tt10171416;;;Justin Bromley;['Justin Bromley'];After her new cellmate targets her, a shy, quiet girl in prison struggles to defend herself.;['Drama'];10.0;Isolation
tt10174310;;;Milda Baginskaite;['Milda Baginskaite'];When no one shows up at her birthday party, eighteen-year-old Agnès makes all the wrong choices.;['Comedia', 'Crimen'];11.0;Pink Pool
tt10176944;;;Malec Démiaro;['Elisabeth Draguet', 'Malec Démiaro'];;['Drama'];93.0;Fille du vent
tt10171548;8.6;86.0;Andrew Krakower;['Andrew Krakower'];Best-friend child monks living in a Buddhist monastery begin receiving small donations for performing prayers, only to find their friendship tested over how to spend it.;['Drama'];15.0;Yarne
tt10180882;6.3;63.0;Andree Ljutica;['Andree Ljutica'];When Paul shows up unannounced, he catches Benny off guard, throwing their first encounter into an agonizing seventeen minutes of posturing, captured in a single take and leading to Paul revealing his true motivation.;['Drama', 'Suspense'];18.0;How to Say I Love You at Night
tt10182142;;;Paige Irene Bruns;['Paige Irene Bruns'];Written and directed by Paige Irene Bruns, Anchor tells the story of Haleigh (Sierra Green), a bright and independent college student focused more on her academics than making social connections. Her best friend Cam (Sergio Myers) is a soon to be National swimmer and highly regarded relay anchor with an eye on the Olympics. A confrontation at a post swim meet celebrat... Leer todo;['Drama'];8.0;Anchor
tt10178386;6.8;68.0;Marina Libik;['Marina Libik'];The peace of a middle-class family is shattered by the suicide of the elder daughter just a month after she is admitted to college. Coral, her younger sister, replaces her in the college to find out the circumstances her sister's death.;['Crimen', 'Drama', 'Misterio'];123.0;No Man's Truth
tt10175932;;;David D. Perez;['David D. Perez'];A grieving man living life in the midst of the corona-virus quarantine finds himself fascinated by a women he meets online who looks similar to his deceased wife.;['Drama'];;King Daniel
tt10179362;8.8;88.0;Leon Mitchell;['Henrik Ibsen', 'Birgit Syran Myaard'];"Ellida goes through a hard time in her marriage having lost a child. She moves back to the lighthouse in Kragerø, Norway, where Munch painted his masterpiece;The Sun, to take care of her dying father and help with the lighthouse.";['Drama'];;Ellida
tt10181344;7.2;72.0;Alies Sluiter;['Alies Sluiter'];An escaped asylum seeker encounters a man on a rural beach, and must decide whether to trust him, or attempt the 400 km journey to the nearest city on foot and alone.;['Aventura', 'Drama'];16.0;Ayaan
tt10177430;;;Nidheya Suresh;['Ahlan Williams'];;['Drama'];;For Better or for Worse
tt10182416;;;Brandon Colby Cook;['Ray James', 'Violetta Pioro'];Stuck in the friend zone, a young woman secretly attempts to win her BFF's heart by helping him hatch a scheme that will end his cheating fiancée's steamy affair.;['Comedia', 'Drama'];14.0;The Love Prank
tt10183870;5.4;54.0;Aleksandr Basov;['Aleksandr Basov'];"Based on ""In a Grove"" by Akutagawa Rynoske. One shiny summer day the investigation group comes at former quarry check of indications of accused, witnesses and victims of the murder and the rape took place there half a year ago.";['Drama'];110.0;Yaponskiy Bog
tt10183816;5.4;54.0;Michael M. Scott;['David Golden'];Cuando un anciano rico muere e inesperadamente deja su patrimonio a su nueva cuidadora, ella se ve envuelta en una red de engaños y asesinatos.;['Crimen', 'Misterio', 'Suspense'];96.0;Dangerous Lies
tt10186572;9.1;91.0;Jon Addison;['Jon Addison'];A woman who dedicates her life to rehabilitating former slaves must take her work to the front line in order to free an enslaved girl.;['Drama', 'Suspense'];27.0;Property
tt10187378;7.2;72.0;Iván Noel;['Iván Noel'];Sólo unos pocos sacerdotes y pasantes permanecen en un internado religioso para niños en el norte de Argentina en 1961. Llega el padre Martín, cuyas intenciones no son tan claras como él dice.;['Drama'];114.0;Cordero de Dios
tt10188182;8.0;80.0;Dan Dobi;['Dan Dobi'];When a couple having an affair with one another decides to pursue their relationship to the next level, breaking up with their partners poses to be harder than expected.;['Drama'];24.0;You Are My Person
tt10188656;8.6;86.0;Roy Arwas;['Roy Arwas'];After serving 10 years in the Marines, Tom returns home to find out that his estranged abusive father, Richard, who has Alzheimer's, does not remember him.;['Drama'];20.0;Clarity
tt10189366;6.6;66.0;Ronnie Henry;['Ronnie Henry'];It is the anniversary of the death of Bruce Wayne's parents and he has serious doubts about his calling.;['Drama'];;The Confessions of The Bat
tt10189514;8.7;87.0;Sudha Kongara;['Sudha Kongara', 'Shalini Ushadevi', 'Vijay Kumar'];Maara se dispone a hacer volar al hombre común, y en proceso se enfrenta a la industria con más inversión de capital y a varios enemigos que se interponen en su camino.;['Drama'];153.0;Soorarai Pottru
tt10192242;;;Paula Lázaro Montoliu;['Paula Lázaro Montoliu', 'Iván Serra'];;['Drama'];;Rojo
tt10194706;;;Don Close;['Don Close'];A old man's special day of love and loss.;['Drama'];17.0;In My Eyes
tt10195248;;;Shaun Gonzalvo;['Shaun Gonzalvo'];Who are you? It's a simple question, right? We are told from a young age how to act, how to move, not to cry and how to live. Alexander was told that he should be something that he is not. It's killing him, destroying all that he loves and he's feeling helpless to find a solution. Will he survive the internal torment or will he give up?;['Drama'];;Alexander
